old_path,new_path,what
Tom Beck/Thumbs.db,,deleted junk
Tom Beck/superjpg.tnc,,deleted junk
TBF1Adobe/superjpg.tnc,,deleted junk
TBF1Adobe/Adobe finished/superjpg.tnc,,deleted junk
TBF1Adobe/Adobe finished/420702pg1.jpg,scans/1942-07-02_tom-to-mother_p01.jpg,scan
420702pg1.jpg,delete/scans/1942-07-02_tom-to-mother_p01_dup1.jpg,duplicate scan
TBF1Adobe/Adobe finished/420702pg2.jpg,scans/1942-07-02_tom-to-mother_p02.jpg,scan
420702pg2.jpg,delete/scans/1942-07-02_tom-to-mother_p02_dup1.jpg,duplicate scan
TBF1Adobe/Adobe finished/420706pg1.jpg,scans/1942-07-06_tom-to-mother_p01.jpg,scan
4207xpg1.jpg,delete/scans/1942-07-06_tom-to-mother_p01_dup1.jpg,duplicate scan
TBF1Adobe/Adobe finished/4207xpg2.jpg,scans/1942-07-06_tom-to-mother_p02.jpg,scan
TBF1Adobe/Adobe finished/4207xpg1.jpg,delete/scans/1942-07-06_tom-to-mother_p02_dup1.jpg,duplicate scan
4207xpg2.jpg,delete/scans/1942-07-06_tom-to-mother_p02_dup2.jpg,duplicate scan
TBF1Adobe/Adobe finished/420706pg2.jpg,delete/scans/1942-07-06_tom-to-mother_p02_dup3.jpg,duplicate scan
TBF1Adobe/Adobe finished/4207xpg3.jpg,scans/1942-07-06_tom-to-mother_p03.jpg,scan
TBF1Adobe/Adobe finished/420706pg3.jpg,delete/scans/1942-07-06_tom-to-mother_p03_dup1.jpg,duplicate scan
TBF1Adobe/Adobe finished/4207xpg4.jpg,scans/1942-07-06_tom-to-mother_p04.jpg,scan
4204XX.jpg,delete/scans/1942-07-06_tom-to-mother_p04_dup1.jpg,duplicate scan
4207xpg3.jpg,delete/scans/1942-07-06_tom-to-mother_p04_dup2.jpg,duplicate scan
TBF1Adobe/Adobe finished/420706pg4.jpg,delete/scans/1942-07-06_tom-to-mother_p04_dup3.jpg,duplicate scan
TBF1Adobe/Adobe finished/420708pg1.jpg,scans/1942-07-08_tom-to-mother_p01.jpg,scan
420708pg1.jpg,delete/scans/1942-07-08_tom-to-mother_p01_dup1.jpg,duplicate scan
TBF1Adobe/Adobe finished/420708pg2.jpg,scans/1942-07-08_tom-to-mother_p02.jpg,scan
420708pg2.jpg,delete/scans/1942-07-08_tom-to-mother_p02_dup1.jpg,duplicate scan
TBF1Adobe/Adobe finished/420708pg3.jpg,scans/1942-07-08_tom-to-mother_p03.jpg,scan
420708pg3.jpg,delete/scans/1942-07-08_tom-to-mother_p03_dup1.jpg,duplicate scan
TBF1Adobe/Adobe finished/420708pg4.jpg,scans/1942-07-08_tom-to-mother_p04.jpg,scan
420708pg4.jpg,delete/scans/1942-07-08_tom-to-mother_p04_dup1.jpg,duplicate scan
TBF1Adobe/Adobe finished/420711pg1.jpg,scans/1942-07-11_tom-to-mother_p01.jpg,scan
420711pg1.jpg,delete/scans/1942-07-11_tom-to-mother_p01_dup1.jpg,duplicate scan
TBF1Adobe/Adobe finished/420711pg2.jpg,scans/1942-07-11_tom-to-mother_p02.jpg,scan
TBF1Adobe/Adobe finished/420720pg2.jpg,delete/scans/1942-07-11_tom-to-mother_p02_dup1.jpg,duplicate scan
420711pg2.jpg,delete/scans/1942-07-11_tom-to-mother_p02_dup2.jpg,duplicate scan
TBF1Adobe/Adobe finished/420714pg1.jpg,scans/1942-07-14_tom-to-mother_p01.jpg,scan
420714pg1.jpg,delete/scans/1942-07-14_tom-to-mother_p01_dup1.jpg,duplicate scan
TBF1Adobe/Adobe finished/420714pg2.jpg,scans/1942-07-14_tom-to-mother_p02.jpg,scan
420714pg2.jpg,delete/scans/1942-07-14_tom-to-mother_p02_dup1.jpg,duplicate scan
TBF1Adobe/Adobe finished/420715Moser01.jpg,scans/1942-07-15_tom-to-adam-moser_p01.jpg,scan
420715Moser01.jpg,delete/scans/1942-07-15_tom-to-adam-moser_p01_dup1.jpg,duplicate scan
TBF1Adobe/Adobe finished/420715Moser02.jpg,scans/1942-07-15_tom-to-adam-moser_p02.jpg,scan
420715Moser02.jpg,delete/scans/1942-07-15_tom-to-adam-moser_p02_dup1.jpg,duplicate scan
TBF1Adobe/Adobe finished/420718pg1.jpg,scans/1942-07-18_tom-to-mother_p01.jpg,scan
420718pg1.jpg,delete/scans/1942-07-18_tom-to-mother_p01_dup1.jpg,duplicate scan
TBF1Adobe/Adobe finished/420718pg2.jpg,scans/1942-07-18_tom-to-mother_p02.jpg,scan
420718pg2.jpg,delete/scans/1942-07-18_tom-to-mother_p02_dup1.jpg,duplicate scan
TBF1Adobe/Adobe finished/420720pg1.jpg,scans/1942-07-20_tom-to-mother_p01.jpg,scan
420720pg1.jpg,delete/scans/1942-07-20_tom-to-mother_p01_dup1.jpg,duplicate scan
420720pg2.jpg,scans/1942-07-20_tom-to-mother_p02.jpg,scan
TBF1Adobe/Adobe finished/420722pg1.jpg,scans/1942-07-22_tom-to-mother_p01.jpg,scan
420722pg1.jpg,delete/scans/1942-07-22_tom-to-mother_p01_dup1.jpg,duplicate scan
TBF1Adobe/Adobe finished/420722pg2.jpg,scans/1942-07-22_tom-to-mother_p02.jpg,scan
420722pg2.jpg,delete/scans/1942-07-22_tom-to-mother_p02_dup1.jpg,duplicate scan
TBF1Adobe/Adobe finished/420723Pg1.jpg,scans/1942-07-23_tom-to-mother_p01.jpg,scan
TBF1Adobe/Adobe finished/420723Pg2.jpg,scans/1942-07-23_tom-to-mother_p02.jpg,scan
TBF1Adobe/Adobe finished/420727Pg1.jpg,scans/1942-07-27_tom-to-mother_p01.jpg,scan
TBF1Adobe/Adobe finished/420727pg2.jpg,scans/1942-07-27_tom-to-mother_p02.jpg,scan
TBF0defective/420727pg2.jpg,delete/scans/1942-07-27_tom-to-mother_p02_dup1.jpg,duplicate scan
TBF1Adobe/Adobe finished/420727pg3.jpg,scans/1942-07-27_tom-to-mother_p03.jpg,scan
TBF0defective/420727pg3.jpg,delete/scans/1942-07-27_tom-to-mother_p03_dup1.jpg,duplicate scan
TBF1Adobe/Adobe finished/420729pg1.jpg,scans/1942-07-29_tom-to-mother_p01.jpg,scan
420729pg1.jpg,delete/scans/1942-07-29_tom-to-mother_p01_dup1.jpg,duplicate scan
TBF1Adobe/Adobe finished/420729Pg2.jpg,scans/1942-07-29_tom-to-mother_p02.jpg,scan
420729pg2.jpg,delete/scans/1942-07-29_tom-to-mother_p02_dup1.jpg,duplicate scan
TBF1Adobe/Adobe finished/420805pg1.jpg,scans/1942-08-05_tom-to-mother_p01.jpg,scan
420805pg1.jpg,delete/scans/1942-08-05_tom-to-mother_p01_dup1.jpg,duplicate scan
TBF1Adobe/Adobe finished/420805pg2.jpg,scans/1942-08-05_tom-to-mother_p02.jpg,scan
420805pg2.jpg,delete/scans/1942-08-05_tom-to-mother_p02_dup1.jpg,duplicate scan
TBF1Adobe/Adobe finished/420808pg1.jpg,scans/1942-08-08_tom-to-mother_p01.jpg,scan
420808pg1.jpg,delete/scans/1942-08-08_tom-to-mother_p01_dup1.jpg,duplicate scan
TBF1Adobe/Adobe finished/420808pg2.jpg,scans/1942-08-08_tom-to-mother_p02.jpg,scan
420808pg2.jpg,delete/scans/1942-08-08_tom-to-mother_p02_dup1.jpg,duplicate scan
TBF1Adobe/Adobe finished/420810pg1.jpg,scans/1942-08-10_tom-to-mother_p01.jpg,scan
420810pg1.jpg,delete/scans/1942-08-10_tom-to-mother_p01_dup1.jpg,duplicate scan
TBF1Adobe/Adobe finished/420810pg2.jpg,scans/1942-08-10_tom-to-mother_p02.jpg,scan
420810pg2.jpg,delete/scans/1942-08-10_tom-to-mother_p02_dup1.jpg,duplicate scan
TBF1Adobe/Adobe finished/420818pg1.jpg,scans/1942-08-18_tom-to-mother_p01.jpg,scan
420818pg1.jpg,delete/scans/1942-08-18_tom-to-mother_p01_dup1.jpg,duplicate scan
TBF1Adobe/Adobe finished/420818pg2.jpg,scans/1942-08-18_tom-to-mother_p02.jpg,scan
420818pg2.jpg,delete/scans/1942-08-18_tom-to-mother_p02_dup1.jpg,duplicate scan
TBF1Adobe/Adobe finished/4204XX.jpg,scans/1942-08-22_tom-to-mother-postcard_p01.jpg,scan
TBF1Adobe/Adobe finished/420822.jpg,delete/scans/1942-08-22_tom-to-mother-postcard_p01_dup1.jpg,duplicate scan
TBF1Adobe/Adobe finished/420824.jpg,scans/1942-08-24_tom-to-mother_p01.jpg,scan
420824.jpg,delete/scans/1942-08-24_tom-to-mother_p01_dup1.jpg,duplicate scan
TBF1Adobe/Adobe finished/420827pg1.jpg,scans/1942-08-27_tom-to-mother_p01.jpg,scan
420827pg1.jpg,delete/scans/1942-08-27_tom-to-mother_p01_dup1.jpg,duplicate scan
TBF1Adobe/Adobe finished/420827pg2.jpg,scans/1942-08-27_tom-to-mother_p02.jpg,scan
420827pg2.jpg,delete/scans/1942-08-27_tom-to-mother_p02_dup1.jpg,duplicate scan
TBF1Adobe/Adobe finished/420901pg1.jpg,scans/1942-09-01_tom-to-mother_p01.jpg,scan
TBF1Adobe/Adobe finished/420901pg2.jpg,delete/scans/1942-09-01_tom-to-mother_p01_dup1.jpg,duplicate scan
420901pg1.jpg,delete/scans/1942-09-01_tom-to-mother_p01_dup2.jpg,duplicate scan
420901pg2.jpg,scans/1942-09-01_tom-to-mother_p02.jpg,scan
420 91pg2.jpg,delete/scans/1942-09-01_tom-to-mother_p02_dup1.jpg,duplicate scan
TBF1Adobe/Adobe finished/420809pg1.jpg,scans/1942-09-09_tom-to-mother_p01.jpg,scan
420809pg1.jpg,delete/scans/1942-09-09_tom-to-mother_p01_dup1.jpg,duplicate scan
TBF1Adobe/Adobe finished/420809pg2.jpg,scans/1942-09-09_tom-to-mother_p02.jpg,scan
420809pg2.jpg,delete/scans/1942-09-09_tom-to-mother_p02_dup1.jpg,duplicate scan
TBF1Adobe/Adobe finished/420913pg1.jpg,scans/1942-09-13_tom-to-mother-postcard_p01.jpg,scan
420913pg1.jpg,delete/scans/1942-09-13_tom-to-mother-postcard_p01_dup1.jpg,duplicate scan
TBF1Adobe/Adobe finished/420913pg2.jpg,scans/1942-09-13_tom-to-mother-postcard_p02.jpg,scan
420913pg2.jpg,delete/scans/1942-09-13_tom-to-mother-postcard_p02_dup1.jpg,duplicate scan
TBF1Adobe/Adobe finished/420917pg1.jpg,scans/1942-09-17_tom-to-mother_p01.jpg,scan
420917pg1.jpg,delete/scans/1942-09-17_tom-to-mother_p01_dup1.jpg,duplicate scan
TBF1Adobe/Adobe finished/420917pg2.jpg,scans/1942-09-17_tom-to-mother_p02.jpg,scan
420917pg2B.jpg,delete/scans/1942-09-17_tom-to-mother_p02_dup1.jpg,duplicate scan
TBF1Adobe/Adobe finished/420919pg1.jpg,scans/1942-09-19_tom-to-mother_p01.jpg,scan
420919pg1.jpg,delete/scans/1942-09-19_tom-to-mother_p01_dup1.jpg,duplicate scan
TBF1Adobe/Adobe finished/420919pg2.jpg,scans/1942-09-19_tom-to-mother_p02.jpg,scan
420919pg2.jpg,delete/scans/1942-09-19_tom-to-mother_p02_dup1.jpg,duplicate scan
TBF1Adobe/Adobe finished/420926pg1.jpg,scans/1942-09-26_tom-to-mother_p01.jpg,scan
420926pg1.jpg,delete/scans/1942-09-26_tom-to-mother_p01_dup1.jpg,duplicate scan
TBF1Adobe/Adobe finished/420926pg2.jpg,scans/1942-09-26_tom-to-mother_p02.jpg,scan
420926pg2.jpg,delete/scans/1942-09-26_tom-to-mother_p02_dup1.jpg,duplicate scan
TBF1Adobe/Adobe finished/420926pg3.jpg,scans/1942-09-26_tom-to-mother_p03.jpg,scan
420926pg3.jpg,delete/scans/1942-09-26_tom-to-mother_p03_dup1.jpg,duplicate scan
TBF1Adobe/Adobe finished/420929pg1.jpg,scans/1942-09-29_tom-to-mother_p01.jpg,scan
420929pg1.jpg,delete/scans/1942-09-29_tom-to-mother_p01_dup1.jpg,duplicate scan
TBF1Adobe/Adobe finished/420929pg2.jpg,scans/1942-09-29_tom-to-mother_p02.jpg,scan
420929pg2.jpg,delete/scans/1942-09-29_tom-to-mother_p02_dup1.jpg,duplicate scan
TBF1Adobe/Adobe finished/420930pg1.jpg,scans/1942-09-30_tom-to-mother_p01.jpg,scan
420930pg1.jpg,delete/scans/1942-09-30_tom-to-mother_p01_dup1.jpg,duplicate scan
TBF1Adobe/Adobe finished/420930pg2.jpg,scans/1942-09-30_tom-to-mother_p02.jpg,scan
420930pg2.jpg,delete/scans/1942-09-30_tom-to-mother_p02_dup1.jpg,duplicate scan
TBF1Adobe/Adobe finished/421005pg1.jpg,scans/1942-10-05_tom-to-mother_p01.jpg,scan
421005pg1.jpg,delete/scans/1942-10-05_tom-to-mother_p01_dup1.jpg,duplicate scan
TBF1Adobe/Adobe finished/421005pg2.jpg,scans/1942-10-05_tom-to-mother_p02.jpg,scan
421005pg2.jpg,delete/scans/1942-10-05_tom-to-mother_p02_dup1.jpg,duplicate scan
TBF1Adobe/Adobe finished/421009pg1.jpg,scans/1942-10-09_tom-to-mother_p01.jpg,scan
421009pg1.jpg,delete/scans/1942-10-09_tom-to-mother_p01_dup1.jpg,duplicate scan
TBF1Adobe/Adobe finished/421009pg2.jpg,scans/1942-10-09_tom-to-mother_p02.jpg,scan
421009pg2a.jpg,delete/scans/1942-10-09_tom-to-mother_p02_dup1.jpg,duplicate scan
TBF1Adobe/Adobe finished/picture.jpg,scans/1942-10-21_newspaper-clipping-commissioned-ensign_p01.jpg,scan
picture.jpg,delete/scans/1942-10-21_newspaper-clipping-commissioned-ensign_p01_dup1.jpg,duplicate scan
TBF1Adobe/Adobe finished/421101pg1.jpg,scans/1942-11-01_tom-to-mother_p01.jpg,scan
421101Pg1.jpg,delete/scans/1942-11-01_tom-to-mother_p01_dup1.jpg,duplicate scan
TBF1Adobe/Adobe finished/421101pg2.jpg,scans/1942-11-01_tom-to-mother_p02.jpg,scan
421101Pg2.jpg,delete/scans/1942-11-01_tom-to-mother_p02_dup1.jpg,duplicate scan
TBF1Adobe/Adobe finished/4301CDpg2.jpg,scans/1942-11-04_tom-to-mother-norfolk_p01.jpg,scan
Z 43 AC Pg 1.jpg,delete/scans/1942-11-04_tom-to-mother-norfolk_p01_dup1.jpg,duplicate scan
TBF1Adobe/Adobe finished/421209pg1.jpg,delete/scans/1942-11-04_tom-to-mother-norfolk_p01_dup2.jpg,duplicate scan
Z 43 AC Pg2.jpg,scans/1942-11-04_tom-to-mother-norfolk_p02.jpg,scan
TBF1Adobe/Adobe finished/421209pg2.jpg,delete/scans/1942-11-04_tom-to-mother-norfolk_p02_dup1.jpg,duplicate scan
TBF1Adobe/Adobe finished/430201Pg1.jpg,scans/1942-11-06_tom-to-mother-arrived-solomons_p01.jpg,scan
Z undated C Pg 1.jpg,delete/scans/1942-11-06_tom-to-mother-arrived-solomons_p01_dup1.jpg,duplicate scan
TBF1Adobe/Adobe finished/421218pg1.jpg,delete/scans/1942-11-06_tom-to-mother-arrived-solomons_p01_dup2.jpg,duplicate scan
TBF1Adobe/Adobe finished/4301ABPg2.jpg,scans/1942-11-06_tom-to-mother-arrived-solomons_p02.jpg,scan
Z Undated C PG 2.jpg,delete/scans/1942-11-06_tom-to-mother-arrived-solomons_p02_dup1.jpg,duplicate scan
TBF1Adobe/Adobe finished/421218pg2.jpg,delete/scans/1942-11-06_tom-to-mother-arrived-solomons_p02_dup2.jpg,duplicate scan
TBF1Adobe/Adobe finished/430130Pg1.jpg,scans/1942-11-09_tom-to-mother-monday_p01.jpg,scan
Z Undated A Pg 1.jpg,delete/scans/1942-11-09_tom-to-mother-monday_p01_dup1.jpg,duplicate scan
TBF1Adobe/Adobe finished/421221pg1.jpg,delete/scans/1942-11-09_tom-to-mother-monday_p01_dup2.jpg,duplicate scan
TBF1Adobe/Adobe finished/430130Pg2.jpg,scans/1942-11-09_tom-to-mother-monday_p02.jpg,scan
Z Undated A Pg 2.jpg,delete/scans/1942-11-09_tom-to-mother-monday_p02_dup1.jpg,duplicate scan
TBF1Adobe/Adobe finished/421221pg2.jpg,delete/scans/1942-11-09_tom-to-mother-monday_p02_dup2.jpg,duplicate scan
TBF1Adobe/Adobe finished/421114e.jpg,scans/1942-11-14_envelope-tom-to-dad_p01.jpg,scan
421114e.jpg,delete/scans/1942-11-14_envelope-tom-to-dad_p01_dup1.jpg,duplicate scan
TBF1Adobe/Adobe finished/421116pg1.jpg,scans/1942-11-16_tom-to-mother-and-dad_p01.jpg,scan
TBF1Adobe/Adobe finished/451116pg2.jpg,delete/scans/1942-11-16_tom-to-mother-and-dad_p01_dup1.jpg,duplicate scan
TBF1Adobe/Adobe finished/451116pg1.jpg,delete/scans/1942-11-16_tom-to-mother-and-dad_p01_dup2.jpg,duplicate scan
TBF1Adobe/Adobe finished/421116pg2.jpg,scans/1942-11-16_tom-to-mother-and-dad_p02.jpg,scan
TBF1Adobe/Adobe finished/421116pg3.jpg,scans/1942-11-16_tom-to-mother-and-dad_p03.jpg,scan
TBF1Adobe/Adobe finished/451116pg3.jpg,delete/scans/1942-11-16_tom-to-mother-and-dad_p03_dup1.jpg,duplicate scan
TBF1Adobe/Adobe finished/421116pg4.jpg,scans/1942-11-16_tom-to-mother-and-dad_p04.jpg,scan
TBF1Adobe/Adobe finished/451116pg4.jpg,delete/scans/1942-11-16_tom-to-mother-and-dad_p04_dup1.jpg,duplicate scan
TBF1Adobe/Adobe finished/421118PG1.jpg,scans/1942-11-18_tom-to-dad_p01.jpg,scan
z 42 11 AD pG 1.jpg,delete/scans/1942-11-18_tom-to-dad_p01_dup1.jpg,duplicate scan
TBF1Adobe/Adobe finished/420716pg1.jpg,delete/scans/1942-11-18_tom-to-dad_p01_dup2.jpg,duplicate scan
TBF1Adobe/Adobe finished/4211ADPg2.jpg,scans/1942-11-18_tom-to-dad_p02.jpg,scan
Z 42 11 AD PG 2.jpg,delete/scans/1942-11-18_tom-to-dad_p02_dup1.jpg,duplicate scan
TBF1Adobe/Adobe finished/420716pg2.jpg,delete/scans/1942-11-18_tom-to-dad_p02_dup2.jpg,duplicate scan
TBF1Adobe/Adobe finished/4211AEPPG3.jpg,scans/1942-11-18_tom-to-dad_p03.jpg,scan
Z 42 11 AD pg 3.jpg,delete/scans/1942-11-18_tom-to-dad_p03_dup1.jpg,duplicate scan
TBF1Adobe/Adobe finished/420716pg3.jpg,delete/scans/1942-11-18_tom-to-dad_p03_dup2.jpg,duplicate scan
A 1942 Pg 1.jpg,scans/1942-11-20_tom-to-dad_p01.jpg,scan
TBF1Adobe/Adobe finished/421120pg1.jpg,delete/scans/1942-11-20_tom-to-dad_p01_dup1.jpg,duplicate scan
B 1942 Pg 2.jpg,scans/1942-11-20_tom-to-dad_p02.jpg,scan
TBF1Adobe/Adobe finished/421120pg2.jpg,delete/scans/1942-11-20_tom-to-dad_p02_dup1.jpg,duplicate scan
TBF1Adobe/Adobe finished/4211!BPg1.jpg,scans/1942-11-22_tom-to-dad-sunday_p01.jpg,scan
Z 43 AB PG 1.jpg,delete/scans/1942-11-22_tom-to-dad-sunday_p01_dup1.jpg,duplicate scan
TBF1Adobe/Adobe finished/421213pg1.jpg,delete/scans/1942-11-22_tom-to-dad-sunday_p01_dup2.jpg,duplicate scan
TBF1Adobe/Adobe finished/4211BCPg1.jpg,scans/1942-11-22_tom-to-dad-sunday_p02.jpg,scan
Z 43 AB Pg 2.jpg,delete/scans/1942-11-22_tom-to-dad-sunday_p02_dup1.jpg,duplicate scan
TBF1Adobe/Adobe finished/421213pg2.jpg,delete/scans/1942-11-22_tom-to-dad-sunday_p02_dup2.jpg,duplicate scan
TBF0defective/Z Undated D Pg 1.jpg,scans/1942-11-22_tom-to-sis-betty-undatedd_p01.jpg,scan
TBF1Adobe/Adobe finished/421124pG1.jpg,scans/1942-11-24_tom-to-dad_p01.jpg,scan
Z 42 11 AF Pg 1.jpg,delete/scans/1942-11-24_tom-to-dad_p01_dup1.jpg,duplicate scan
TBF1Adobe/Adobe finished/421124pG2.jpg,scans/1942-11-24_tom-to-dad_p02.jpg,scan
Z 42 11 AF PG 2.jpg,delete/scans/1942-11-24_tom-to-dad_p02_dup1.jpg,duplicate scan
TBF1Adobe/Adobe finished/421126Pg1.jpg,scans/1942-11-26_tom-to-dad-thanksgiving_p01.jpg,scan
Z 42 Thksg (Dad) Pg !.jpg,delete/scans/1942-11-26_tom-to-dad-thanksgiving_p01_dup1.jpg,duplicate scan
TBF1Adobe/Adobe finished/421126Pg2.jpg,scans/1942-11-26_tom-to-dad-thanksgiving_p02.jpg,scan
Z 42 Thksg (Dad) Pg 2.jpg,delete/scans/1942-11-26_tom-to-dad-thanksgiving_p02_dup1.jpg,duplicate scan
TBF1Adobe/Adobe finished/421126PG3.jpg,scans/1942-11-26_tom-to-dad-thanksgiving_p03.jpg,scan
Z 42 Thksg (Dad) Pg 3.jpg,delete/scans/1942-11-26_tom-to-dad-thanksgiving_p03_dup1.jpg,duplicate scan
TBF1Adobe/Adobe finished/421126pG4.jpg,scans/1942-11-26_tom-to-dad-thanksgiving_p04.jpg,scan
Z 42 Thksg (Dad) Pg 4.jpg,delete/scans/1942-11-26_tom-to-dad-thanksgiving_p04_dup1.jpg,duplicate scan
TBF1Adobe/Adobe finished/421128pg2.jpg,scans/1942-11-28_tom-to-dad-and-mother_p01.jpg,scan
4211ABPg1.jpg,delete/scans/1942-11-28_tom-to-dad-and-mother_p01_dup1.jpg,duplicate scan
4211ABPg2.jpg,scans/1942-11-28_tom-to-dad-and-mother_p02.jpg,scan
TBF1Adobe/Adobe finished/421128pg3.jpg,scans/1942-11-28_tom-to-dad-and-mother_p03.jpg,scan
TBF1Adobe/Adobe finished/421128pg4.jpg,delete/scans/1942-11-28_tom-to-dad-and-mother_p03_dup1.jpg,duplicate scan
4211ABpg3.jpg,delete/scans/1942-11-28_tom-to-dad-and-mother_p03_dup2.jpg,duplicate scan
4211ABpg4.jpg,scans/1942-11-28_tom-to-dad-and-mother_p04.jpg,scan
TBF1Adobe/Adobe finished/42062x.jpg,scans/1942-11-xx_tom-to-mother-wednesday_p01.jpg,scan
Z 42 11 AE PG 1.jpg,delete/scans/1942-11-xx_tom-to-mother-wednesday_p01_dup1.jpg,duplicate scan
TBF1Adobe/Adobe finished/421118 pG1.jpg,scans/1942-11-xx_tom-to-mother-wednesday_p02.jpg,scan
Z 42 11 AE Pg 2 A.jpg,delete/scans/1942-11-xx_tom-to-mother-wednesday_p02_dup1.jpg,duplicate scan
TBF1Adobe/Adobe finished/421203pg1.jpg,scans/1942-12-03_tom-to-mother-and-dad_p01.jpg,scan
TBF1Adobe/Adobe finished/421203pg2.jpg,scans/1942-12-03_tom-to-mother-and-dad_p02.jpg,scan
421203pg2.jpg,delete/scans/1942-12-03_tom-to-mother-and-dad_p02_dup1.jpg,duplicate scan
TBF1Adobe/Adobe finished/421205pg1.jpg,scans/1942-12-05_tom-to-mother-and-dad_p01.jpg,scan
421205pg1.jpg,delete/scans/1942-12-05_tom-to-mother-and-dad_p01_dup1.jpg,duplicate scan
TBF1Adobe/Adobe finished/421205pg2.jpg,scans/1942-12-05_tom-to-mother-and-dad_p02.jpg,scan
421205pg2.jpg,delete/scans/1942-12-05_tom-to-mother-and-dad_p02_dup1.jpg,duplicate scan
TBF1Adobe/Adobe finished/421208pg1.jpg,scans/1942-12-08_tom-to-mother-and-dad_p01.jpg,scan
421203pg1.jpg,delete/scans/1942-12-08_tom-to-mother-and-dad_p01_dup1.jpg,duplicate scan
421208pg1.jpg,delete/scans/1942-12-08_tom-to-mother-and-dad_p01_dup2.jpg,duplicate scan
421208pg2.jpg,scans/1942-12-08_tom-to-mother-and-dad_p02.jpg,scan
TBF1Adobe/Adobe finished/421208pg2.jpg,delete/scans/1942-12-08_tom-to-mother-and-dad_p02_dup1.jpg,duplicate scan
TBF1Adobe/Adobe finished/421210pg1.jpg,scans/1942-12-10_tom-to-folks_p01.jpg,scan
421210pg1.jpg,delete/scans/1942-12-10_tom-to-folks_p01_dup1.jpg,duplicate scan
TBF1Adobe/Adobe finished/421210pg2.jpg,scans/1942-12-10_tom-to-folks_p02.jpg,scan
421210pg2A.jpg,delete/scans/1942-12-10_tom-to-folks_p02_dup1.jpg,duplicate scan
421210pg2.jpg,delete/scans/1942-12-10_tom-to-folks_p02_dup2.jpg,duplicate scan
TBF1Adobe/Adobe finished/421214pg1.jpg,scans/1942-12-14_tom-to-mother-and-dad_p01.jpg,scan
421214pg1.jpg,delete/scans/1942-12-14_tom-to-mother-and-dad_p01_dup1.jpg,duplicate scan
TBF1Adobe/Adobe finished/421214pg2.jpg,scans/1942-12-14_tom-to-mother-and-dad_p02.jpg,scan
421214pg2.jpg,delete/scans/1942-12-14_tom-to-mother-and-dad_p02_dup1.jpg,duplicate scan
TBF1Adobe/Adobe finished/421228.jpg,scans/1942-12-28_tom-to-mother_p01.jpg,scan
421228.jpg,delete/scans/1942-12-28_tom-to-mother_p01_dup1.jpg,duplicate scan
TBF1Adobe/Adobe finished/421229pg1.jpg,scans/1942-12-29_tom-to-mother_p01.jpg,scan
421229pg1.jpg,delete/scans/1942-12-29_tom-to-mother_p01_dup1.jpg,duplicate scan
TBF1Adobe/Adobe finished/421229pg2.jpg,scans/1942-12-29_tom-to-mother_p02.jpg,scan
421229pg2.jpg,delete/scans/1942-12-29_tom-to-mother_p02_dup1.jpg,duplicate scan
TBF1Adobe/Adobe finished/430102pg1.jpg,scans/1943-01-02_tom-to-mother_p01.jpg,scan
430102pg1.jpg,delete/scans/1943-01-02_tom-to-mother_p01_dup1.jpg,duplicate scan
TBF1Adobe/Adobe finished/430102pg2.jpg,scans/1943-01-02_tom-to-mother_p02.jpg,scan
430102pg2.jpg,delete/scans/1943-01-02_tom-to-mother_p02_dup1.jpg,duplicate scan
430105pg1b.jpg,scans/1943-01-05_tom-to-mother-houston_p01.jpg,scan
TBF1Adobe/Adobe finished/430105pg1.jpg,delete/scans/1943-01-05_tom-to-mother-houston_p01_dup1.jpg,duplicate scan
430105pg1.jpg,delete/scans/1943-01-05_tom-to-mother-houston_p01_dup2.jpg,duplicate scan
430105pg1a.jpg,delete/scans/1943-01-05_tom-to-mother-houston_p01_dup3.jpg,duplicate scan
TBF1Adobe/Adobe finished/430105pg2.jpg,scans/1943-01-05_tom-to-mother-houston_p02.jpg,scan
430105pg2.jpg,delete/scans/1943-01-05_tom-to-mother-houston_p02_dup1.jpg,duplicate scan
TBF1Adobe/Adobe finished/430105pg3.jpg,scans/1943-01-05_tom-to-mother-houston_p03.jpg,scan
430105pg3.jpg,delete/scans/1943-01-05_tom-to-mother-houston_p03_dup1.jpg,duplicate scan
TBF1Adobe/Adobe finished/430108Pg1.jpg,scans/1943-01-08_tom-to-mother_p01.jpg,scan
TBF0defective/430108pg2.jpg,scans/1943-01-08_tom-to-mother_p02.jpg,scan
TBF1Adobe/Adobe finished/430108Pg2.jpg,delete/scans/1943-01-08_tom-to-mother_p02_dup1.jpg,duplicate scan
TBF1Adobe/Adobe finished/430111pg1.jpg,scans/1943-01-11_tom-to-mother_p01.jpg,scan
430111pg1.jpg,delete/scans/1943-01-11_tom-to-mother_p01_dup1.jpg,duplicate scan
TBF1Adobe/Adobe finished/430111pg2.jpg,scans/1943-01-11_tom-to-mother_p02.jpg,scan
430111pg2.jpg,delete/scans/1943-01-11_tom-to-mother_p02_dup1.jpg,duplicate scan
TBF1Adobe/Adobe finished/430115Pg1.jpg,scans/1943-01-15_tom-to-mother_p01.jpg,scan
TBF1Adobe/Adobe finished/430115Pg2.jpg,scans/1943-01-15_tom-to-mother_p02.jpg,scan
TBF1Adobe/Adobe finished/430115Pg3.jpg,scans/1943-01-15_tom-to-mother_p03.jpg,scan
TBF1Adobe/Adobe finished/430115Pg4.jpg,scans/1943-01-15_tom-to-mother_p04.jpg,scan
TBF1Adobe/Adobe finished/430118pg1.jpg,scans/1943-01-18_tom-to-mother_p01.jpg,scan
TBF0defective/430118pg1.jpg,delete/scans/1943-01-18_tom-to-mother_p01_dup1.jpg,duplicate scan
TBF1Adobe/Adobe finished/430118Pg2.jpg,scans/1943-01-18_tom-to-mother_p02.jpg,scan
TBF0defective/430118pg3.jpg,scans/1943-01-18_tom-to-mother_p03.jpg,scan
TBF1Adobe/Adobe finished/430118Pg3.jpg,delete/scans/1943-01-18_tom-to-mother_p03_dup1.jpg,duplicate scan
TBF0defective/430118pg4.jpg,scans/1943-01-18_tom-to-mother_p04.jpg,scan
TBF1Adobe/Adobe finished/430118Pg4.jpg,delete/scans/1943-01-18_tom-to-mother_p04_dup1.jpg,duplicate scan
TBF1Adobe/Adobe finished/430124pg1.jpg,scans/1943-01-24_tom-to-mother_p01.jpg,scan
430124pg1.jpg,delete/scans/1943-01-24_tom-to-mother_p01_dup1.jpg,duplicate scan
430124pg1ab.jpg,delete/scans/1943-01-24_tom-to-mother_p01_dup2.jpg,duplicate scan
430124pg1bc.jpg,delete/scans/1943-01-24_tom-to-mother_p01_dup3.jpg,duplicate scan
TBF1Adobe/Adobe finished/430124pg2.jpg,scans/1943-01-24_tom-to-mother_p02.jpg,scan
430124pg2.jpg,delete/scans/1943-01-24_tom-to-mother_p02_dup1.jpg,duplicate scan
TBF1Adobe/Adobe finished/430126.jpg,scans/1943-01-26_tom-to-mother_p01.jpg,scan
430126a.jpg,delete/scans/1943-01-26_tom-to-mother_p01_dup1.jpg,duplicate scan
TBF1Adobe/Adobe finished/430128Pg1.jpg,scans/1943-01-28_tom-to-mother_p01.jpg,scan
TBF1Adobe/Adobe finished/430128Pg2.jpg,scans/1943-01-28_tom-to-mother_p02.jpg,scan
TBF1Adobe/Adobe finished/430131Pg1.jpg,scans/1943-01-31_tom-to-mother_p01.jpg,scan
TBF0defective/430131pg1.jpg,delete/scans/1943-01-31_tom-to-mother_p01_dup1.jpg,duplicate scan
TBF1Adobe/Adobe finished/430131pg2.jpg,scans/1943-01-31_tom-to-mother_p02.jpg,scan
TBF1Adobe/Adobe finished/430203pg1.jpg,scans/1943-02-03_tom-to-mother_p01.jpg,scan
430203pg1.jpg,delete/scans/1943-02-03_tom-to-mother_p01_dup1.jpg,duplicate scan
430203pg2.jpg,scans/1943-02-03_tom-to-mother_p02.jpg,scan
TBF1Adobe/Adobe finished/430203pg2.jpg,delete/scans/1943-02-03_tom-to-mother_p02_dup1.jpg,duplicate scan
TBF1Adobe/Adobe finished/43023pg2.jpg,delete/scans/1943-02-03_tom-to-mother_p02_dup2.jpg,duplicate scan
430211pg1.jpg,scans/1943-02-11_tom-to-mother_p01.jpg,scan
TBF1Adobe/Adobe finished/430211pg1.jpg,delete/scans/1943-02-11_tom-to-mother_p01_dup1.jpg,duplicate scan
TBF1Adobe/Adobe finished/430211pg2.jpg,scans/1943-02-11_tom-to-mother_p02.jpg,scan
430211pg2.jpg,delete/scans/1943-02-11_tom-to-mother_p02_dup1.jpg,duplicate scan
TBF1Adobe/Adobe finished/430211pg3.jpg,scans/1943-02-11_tom-to-mother_p03.jpg,scan
430211pg3.jpg,delete/scans/1943-02-11_tom-to-mother_p03_dup1.jpg,duplicate scan
430213pg1.jpg,scans/1943-02-13_tom-to-mother_p01.jpg,scan
TBF1Adobe/Adobe finished/430213pg1.jpg,delete/scans/1943-02-13_tom-to-mother_p01_dup1.jpg,duplicate scan
430213pg1_1.jpg,delete/scans/1943-02-13_tom-to-mother_p01_dup2.jpg,duplicate scan
TBF1Adobe/Adobe finished/430213pg2.jpg,scans/1943-02-13_tom-to-mother_p02.jpg,scan
430213pg2.jpg,delete/scans/1943-02-13_tom-to-mother_p02_dup1.jpg,duplicate scan
430213pg2_1.jpg,delete/scans/1943-02-13_tom-to-mother_p02_dup2.jpg,duplicate scan
TBF1Adobe/Adobe finished/430218.jpg,scans/1943-02-18_tom-to-mother-typed_p01.jpg,scan
430218.jpg,delete/scans/1943-02-18_tom-to-mother-typed_p01_dup1.jpg,duplicate scan
TBF1Adobe/Adobe finished/430220pg1.jpg,scans/1943-02-20_tom-to-mother_p01.jpg,scan
430220pg1.jpg,delete/scans/1943-02-20_tom-to-mother_p01_dup1.jpg,duplicate scan
TBF1Adobe/Adobe finished/430220pg2.jpg,scans/1943-02-20_tom-to-mother_p02.jpg,scan
430220pg2.jpg,delete/scans/1943-02-20_tom-to-mother_p02_dup1.jpg,duplicate scan
TBF1Adobe/Adobe finished/430222pg1.jpg,scans/1943-02-22_tom-to-mother_p01.jpg,scan
430222pg1.jpg,delete/scans/1943-02-22_tom-to-mother_p01_dup1.jpg,duplicate scan
TBF1Adobe/Adobe finished/430222pg2.jpg,scans/1943-02-22_tom-to-mother_p02.jpg,scan
430222pg2.jpg,delete/scans/1943-02-22_tom-to-mother_p02_dup1.jpg,duplicate scan
TBF1Adobe/Adobe finished/430223pg1.jpg,scans/1943-02-23_tom-to-mother_p01.jpg,scan
430223pg1.jpg,delete/scans/1943-02-23_tom-to-mother_p01_dup1.jpg,duplicate scan
TBF1Adobe/Adobe finished/430223pg2.jpg,scans/1943-02-23_tom-to-mother_p02.jpg,scan
430223pg2B.jpg,delete/scans/1943-02-23_tom-to-mother_p02_dup1.jpg,duplicate scan
TBF1Adobe/Adobe finished/430312.jpg,scans/1943-03-12_tom-to-mother_p01.jpg,scan
TBF1Adobe/Adobe finished/430312Pg1.jpg,delete/scans/1943-03-12_tom-to-mother_p01_dup1.jpg,duplicate scan
TBF0defective/430312pg1.jpg,delete/scans/1943-03-12_tom-to-mother_p01_dup2.jpg,duplicate scan
TBF1Adobe/Adobe finished/430312Pg2.jpg,scans/1943-03-12_tom-to-mother_p02.jpg,scan
TBF1Adobe/Adobe finished/430401.jpg,scans/1943-04-01_tom-to-mother-typed_p01.jpg,scan
430401.jpg,delete/scans/1943-04-01_tom-to-mother-typed_p01_dup1.jpg,duplicate scan
TBF1Adobe/Adobe finished/430407pg1.jpg,scans/1943-04-07_tom-to-unc_p01.jpg,scan
430407pg1.jpg,delete/scans/1943-04-07_tom-to-unc_p01_dup1.jpg,duplicate scan
TBF1Adobe/Adobe finished/430407pg2.jpg,scans/1943-04-07_tom-to-unc_p02.jpg,scan
430407pg2.jpg,delete/scans/1943-04-07_tom-to-unc_p02_dup1.jpg,duplicate scan
TBF1Adobe/Adobe finished/430407pg3.jpg,scans/1943-04-07_tom-to-unc_p03.jpg,scan
430407pg3.jpg,delete/scans/1943-04-07_tom-to-unc_p03_dup1.jpg,duplicate scan
TBF1Adobe/Adobe finished/430407pg4.jpg,scans/1943-04-07_tom-to-unc_p04.jpg,scan
430407pg4.jpg,delete/scans/1943-04-07_tom-to-unc_p04_dup1.jpg,duplicate scan
TBF1Adobe/Adobe finished/430412.jpg,scans/1943-04-12_cablegram-tom-to-mother_p01.jpg,scan
430412.jpg,delete/scans/1943-04-12_cablegram-tom-to-mother_p01_dup1.jpg,duplicate scan
430413.jpg,scans/1943-04-13_tom-to-mother-vmail_p01.jpg,scan
TBF1Adobe/Adobe finished/430413.jpg,delete/scans/1943-04-13_tom-to-mother-vmail_p01_dup1.jpg,duplicate scan
TBF1Adobe/Adobe finished/430415pg1.jpg,scans/1943-04-15_tom-to-mother_p01.jpg,scan
430415pg1.jpg,delete/scans/1943-04-15_tom-to-mother_p01_dup1.jpg,duplicate scan
TBF1Adobe/Adobe finished/430415pg2.jpg,scans/1943-04-15_tom-to-mother_p02.jpg,scan
430415pg2.jpg,delete/scans/1943-04-15_tom-to-mother_p02_dup1.jpg,duplicate scan
TBF1Adobe/Adobe finished/430415pg3.jpg,scans/1943-04-15_tom-to-mother_p03.jpg,scan
430415pg3.jpg,delete/scans/1943-04-15_tom-to-mother_p03_dup1.jpg,duplicate scan
TBF1Adobe/Adobe finished/430415pg4.jpg,delete/scans/1943-04-15_tom-to-mother_p03_dup2.jpg,duplicate scan
430415pg4.jpg,delete/scans/1943-04-15_tom-to-mother_p03_dup3.jpg,duplicate scan
TBF1Adobe/Adobe finished/430415pg6.jpg,scans/1943-04-15_tom-to-mother_p04.jpg,scan
430415pg6.jpg,delete/scans/1943-04-15_tom-to-mother_p04_dup1.jpg,duplicate scan
430415pg5.jpg,delete/scans/1943-04-15_tom-to-mother_p04_dup2.jpg,duplicate scan
TBF1Adobe/Adobe finished/430415pg7.jpg,scans/1943-04-15_tom-to-mother_p05.jpg,scan
430415pg7.jpg,delete/scans/1943-04-15_tom-to-mother_p05_dup1.jpg,duplicate scan
TBF1Adobe/Adobe finished/430415pg8.jpg,scans/1943-04-15_tom-to-mother_p06.jpg,scan
430415pg8.jpg,delete/scans/1943-04-15_tom-to-mother_p06_dup1.jpg,duplicate scan
TBF0defective/430421pg1.jpg,scans/1943-04-21_tom-to-mother_p01.jpg,scan
TBF1Adobe/Adobe finished/430421pg1a.jpg,delete/scans/1943-04-21_tom-to-mother_p01_dup1.jpg,duplicate scan
TBF0defective/430421pg1a.jpg,delete/scans/1943-04-21_tom-to-mother_p01_dup2.jpg,duplicate scan
TBF1Adobe/Adobe finished/430421Pg1.jpg,delete/scans/1943-04-21_tom-to-mother_p01_dup3.jpg,duplicate scan
TBF1Adobe/Adobe finished/430421Pg2.jpg,scans/1943-04-21_tom-to-mother_p02.jpg,scan
TBF0defective/430425pg1.jpg,scans/1943-04-25_tom-to-mother-and-all_p01.jpg,scan
TBF1Adobe/Adobe finished/430425Pg1.jpg,delete/scans/1943-04-25_tom-to-mother-and-all_p01_dup1.jpg,duplicate scan
TBF0defective/430425pg2.jpg,scans/1943-04-25_tom-to-mother-and-all_p02.jpg,scan
TBF1Adobe/Adobe finished/430425Pg2.jpg,delete/scans/1943-04-25_tom-to-mother-and-all_p02_dup1.jpg,duplicate scan
TBF1Adobe/Adobe finished/430425Pg3.jpg,scans/1943-04-25_tom-to-mother-and-all_p03.jpg,scan
TBF0defective/430425pg3.jpg,delete/scans/1943-04-25_tom-to-mother-and-all_p03_dup1.jpg,duplicate scan
TBF1Adobe/Adobe finished/430425Pg4.jpg,scans/1943-04-25_tom-to-mother-and-all_p04.jpg,scan
TBF1Adobe/Adobe finished/430430.jpg,scans/1943-04-30_tom-to-mother-vmail_p01.jpg,scan
430430.jpg,delete/scans/1943-04-30_tom-to-mother-vmail_p01_dup1.jpg,duplicate scan
TBF1Adobe/Adobe finished/430503pg1.jpg,scans/1943-05-03_tom-to-mother_p01.jpg,scan
430503pg1.jpg,delete/scans/1943-05-03_tom-to-mother_p01_dup1.jpg,duplicate scan
TBF1Adobe/Adobe finished/430503pg2.jpg,scans/1943-05-03_tom-to-mother_p02.jpg,scan
430503pg2.jpg,delete/scans/1943-05-03_tom-to-mother_p02_dup1.jpg,duplicate scan
TBF1Adobe/Adobe finished/430503pg3.jpg,scans/1943-05-03_tom-to-mother_p03.jpg,scan
430503pg3.jpg,delete/scans/1943-05-03_tom-to-mother_p03_dup1.jpg,duplicate scan
TBF1Adobe/Adobe finished/430503pg4.jpg,scans/1943-05-03_tom-to-mother_p04.jpg,scan
430503pg4.jpg,delete/scans/1943-05-03_tom-to-mother_p04_dup1.jpg,duplicate scan
TBF1Adobe/Adobe finished/430503pg5.jpg,scans/1943-05-03_tom-to-mother_p05.jpg,scan
430503pg5.jpg,delete/scans/1943-05-03_tom-to-mother_p05_dup1.jpg,duplicate scan
TBF1Adobe/Adobe finished/430509pg1.jpg,scans/1943-05-09_tom-to-mother-mothersday_p01.jpg,scan
430509Pg1.jpg,delete/scans/1943-05-09_tom-to-mother-mothersday_p01_dup1.jpg,duplicate scan
TBF1Adobe/Adobe finished/430509pg2.jpg,scans/1943-05-09_tom-to-mother-mothersday_p02.jpg,scan
430509pg2.jpg,delete/scans/1943-05-09_tom-to-mother-mothersday_p02_dup1.jpg,duplicate scan
TBF1Adobe/Adobe finished/430511pg1.jpg,scans/1943-05-11_tom-to-mother_p01.jpg,scan
430511pg1.jpg,delete/scans/1943-05-11_tom-to-mother_p01_dup1.jpg,duplicate scan
TBF1Adobe/Adobe finished/430511pg2.jpg,scans/1943-05-11_tom-to-mother_p02.jpg,scan
430511pg2.jpg,delete/scans/1943-05-11_tom-to-mother_p02_dup1.jpg,duplicate scan
TBF1Adobe/Adobe finished/430511pg3.jpg,scans/1943-05-11_tom-to-mother_p03.jpg,scan
430511pg3.jpg,delete/scans/1943-05-11_tom-to-mother_p03_dup1.jpg,duplicate scan
TBF1Adobe/Adobe finished/430511pg4.jpg,scans/1943-05-11_tom-to-mother_p04.jpg,scan
430511pg4.jpg,delete/scans/1943-05-11_tom-to-mother_p04_dup1.jpg,duplicate scan
TBF1Adobe/Adobe finished/430516pg1.jpg,scans/1943-05-16_tom-to-mother_p01.jpg,scan
430516pg1.jpg,delete/scans/1943-05-16_tom-to-mother_p01_dup1.jpg,duplicate scan
TBF1Adobe/Adobe finished/430516pg2.jpg,scans/1943-05-16_tom-to-mother_p02.jpg,scan
430516pg2.jpg,delete/scans/1943-05-16_tom-to-mother_p02_dup1.jpg,duplicate scan
TBF1Adobe/Adobe finished/430516pg3.jpg,scans/1943-05-16_tom-to-mother_p03.jpg,scan
430516pg3.jpg,delete/scans/1943-05-16_tom-to-mother_p03_dup1.jpg,duplicate scan
TBF1Adobe/Adobe finished/430516pg4.jpg,scans/1943-05-16_tom-to-mother_p04.jpg,scan
430516pg4.jpg,delete/scans/1943-05-16_tom-to-mother_p04_dup1.jpg,duplicate scan
TBF1Adobe/Adobe finished/430516pg5.jpg,scans/1943-05-16_tom-to-mother_p05.jpg,scan
430516pg5.jpg,delete/scans/1943-05-16_tom-to-mother_p05_dup1.jpg,duplicate scan
TBF1Adobe/Adobe finished/430517pg1.jpg,scans/1943-05-17_tom-to-mother_p01.jpg,scan
430517pg1.jpg,delete/scans/1943-05-17_tom-to-mother_p01_dup1.jpg,duplicate scan
TBF1Adobe/Adobe finished/430517pg2.jpg,scans/1943-05-17_tom-to-mother_p02.jpg,scan
430517pg2.jpg,delete/scans/1943-05-17_tom-to-mother_p02_dup1.jpg,duplicate scan
TBF1Adobe/Adobe finished/430517pg3.jpg,scans/1943-05-17_tom-to-mother_p03.jpg,scan
430517pg 3.jpg,delete/scans/1943-05-17_tom-to-mother_p03_dup1.jpg,duplicate scan
TBF1Adobe/Adobe finished/430524pg1.jpg,scans/1943-05-24_tom-to-mother_p01.jpg,scan
430524pg1.jpg,delete/scans/1943-05-24_tom-to-mother_p01_dup1.jpg,duplicate scan
TBF1Adobe/Adobe finished/430524pg2.jpg,scans/1943-05-24_tom-to-mother_p02.jpg,scan
430524pg2.jpg,delete/scans/1943-05-24_tom-to-mother_p02_dup1.jpg,duplicate scan
TBF1Adobe/Adobe finished/430611pg1.jpg,scans/1943-06-11_tom-to-mother_p01.jpg,scan
430611pg1.jpg,delete/scans/1943-06-11_tom-to-mother_p01_dup1.jpg,duplicate scan
TBF1Adobe/Adobe finished/430611pg2.jpg,scans/1943-06-11_tom-to-mother_p02.jpg,scan
430611pg2.jpg,delete/scans/1943-06-11_tom-to-mother_p02_dup1.jpg,duplicate scan
TBF1Adobe/Adobe finished/430801pg1.jpg,scans/1943-08-01_tom-to-mother_p01.jpg,scan
430801pg1.jpg,delete/scans/1943-08-01_tom-to-mother_p01_dup1.jpg,duplicate scan
TBF1Adobe/Adobe finished/430801pg2a.jpg,scans/1943-08-01_tom-to-mother_p02.jpg,scan
430801pg2a.jpg,delete/scans/1943-08-01_tom-to-mother_p02_dup1.jpg,duplicate scan
TBF1Adobe/Adobe finished/430819pg1.jpg,scans/1943-08-19_tom-to-mother_p01.jpg,scan
430819.jpg,delete/scans/1943-08-19_tom-to-mother_p01_dup1.jpg,duplicate scan
TBF1Adobe/Adobe finished/430819pg2.jpg,scans/1943-08-19_tom-to-mother_p02.jpg,scan
430819pg2.jpg,delete/scans/1943-08-19_tom-to-mother_p02_dup1.jpg,duplicate scan
TBF1Adobe/Adobe finished/430819pg3.jpg,scans/1943-08-19_tom-to-mother_p03.jpg,scan
430819pg3.jpg,delete/scans/1943-08-19_tom-to-mother_p03_dup1.jpg,duplicate scan
TBF1Adobe/Adobe finished/430824pg1.jpg,scans/1943-08-24_tom-to-mom_p01.jpg,scan
430824pg1.jpg,delete/scans/1943-08-24_tom-to-mom_p01_dup1.jpg,duplicate scan
TBF1Adobe/Adobe finished/430824pg2.jpg,scans/1943-08-24_tom-to-mom_p02.jpg,scan
430824pg2.jpg,delete/scans/1943-08-24_tom-to-mom_p02_dup1.jpg,duplicate scan
TBF1Adobe/Adobe finished/430824pg3.jpg,scans/1943-08-24_tom-to-mom_p03.jpg,scan
430824pg3.jpg,delete/scans/1943-08-24_tom-to-mom_p03_dup1.jpg,duplicate scan
TBF1Adobe/Adobe finished/430831pg1.jpg,scans/1943-08-31_tom-to-mother_p01.jpg,scan
430831pg1.jpg,delete/scans/1943-08-31_tom-to-mother_p01_dup1.jpg,duplicate scan
TBF1Adobe/Adobe finished/430831pg2.jpg,scans/1943-08-31_tom-to-mother_p02.jpg,scan
430831pg2.jpg,delete/scans/1943-08-31_tom-to-mother_p02_dup1.jpg,duplicate scan
TBF1Adobe/Adobe finished/430831pg3.jpg,scans/1943-08-31_tom-to-mother_p03.jpg,scan
430831pg3.jpg,delete/scans/1943-08-31_tom-to-mother_p03_dup1.jpg,duplicate scan
TBF1Adobe/Adobe finished/430831pg4.jpg,scans/1943-08-31_tom-to-mother_p04.jpg,scan
430831pg4.jpg,delete/scans/1943-08-31_tom-to-mother_p04_dup1.jpg,duplicate scan
TBF1Adobe/Adobe finished/430831pg5.jpg,scans/1943-08-31_tom-to-mother_p05.jpg,scan
430831pg5.jpg,delete/scans/1943-08-31_tom-to-mother_p05_dup1.jpg,duplicate scan
TBF1Adobe/Adobe finished/430905pg1.jpg,scans/1943-09-05_tom-to-mom_p01.jpg,scan
430905pg1.jpg,delete/scans/1943-09-05_tom-to-mom_p01_dup1.jpg,duplicate scan
TBF1Adobe/Adobe finished/430905pg2.jpg,scans/1943-09-05_tom-to-mom_p02.jpg,scan
430905pg2.jpg,delete/scans/1943-09-05_tom-to-mom_p02_dup1.jpg,duplicate scan
TBF1Adobe/Adobe finished/430905pg3.jpg,scans/1943-09-05_tom-to-mom_p03.jpg,scan
430905pg3.jpg,delete/scans/1943-09-05_tom-to-mom_p03_dup1.jpg,duplicate scan
TBF1Adobe/Adobe finished/430909pg1.jpg,scans/1943-09-09_tom-to-mom_p01.jpg,scan
430909pg1.jpg,delete/scans/1943-09-09_tom-to-mom_p01_dup1.jpg,duplicate scan
TBF1Adobe/Adobe finished/430909pg2.jpg,scans/1943-09-09_tom-to-mom_p02.jpg,scan
430909pg2.jpg,delete/scans/1943-09-09_tom-to-mom_p02_dup1.jpg,duplicate scan
TBF1Adobe/Adobe finished/430909pg3.jpg,scans/1943-09-09_tom-to-mom_p03.jpg,scan
430909pg3.jpg,delete/scans/1943-09-09_tom-to-mom_p03_dup1.jpg,duplicate scan
TBF1Adobe/Adobe finished/430909pg4.jpg,scans/1943-09-09_tom-to-mom_p04.jpg,scan
430909pg4.jpg,delete/scans/1943-09-09_tom-to-mom_p04_dup1.jpg,duplicate scan
TBF1Adobe/Adobe finished/430915pg1.jpg,scans/1943-09-15_tom-to-mother-sweetheart_p01.jpg,scan
430915pg1.jpg,delete/scans/1943-09-15_tom-to-mother-sweetheart_p01_dup1.jpg,duplicate scan
TBF1Adobe/Adobe finished/430915pg2.jpg,scans/1943-09-15_tom-to-mother-sweetheart_p02.jpg,scan
430915pg2.jpg,delete/scans/1943-09-15_tom-to-mother-sweetheart_p02_dup1.jpg,duplicate scan
TBF1Adobe/Adobe finished/430915pg3.jpg,scans/1943-09-15_tom-to-mother-sweetheart_p03.jpg,scan
430915pg3.jpg,delete/scans/1943-09-15_tom-to-mother-sweetheart_p03_dup1.jpg,duplicate scan
TBF1Adobe/Adobe finished/430923pg1.jpg,scans/1943-09-23_tom-to-mother_p01.jpg,scan
430923pg1.jpg,delete/scans/1943-09-23_tom-to-mother_p01_dup1.jpg,duplicate scan
TBF1Adobe/Adobe finished/430923pg2.jpg,scans/1943-09-23_tom-to-mother_p02.jpg,scan
430923pg2.jpg,delete/scans/1943-09-23_tom-to-mother_p02_dup1.jpg,duplicate scan
TBF1Adobe/Adobe finished/431002pg1.jpg,scans/1943-10-02_tom-to-mom_p01.jpg,scan
431002pg1.jpg,delete/scans/1943-10-02_tom-to-mom_p01_dup1.jpg,duplicate scan
TBF1Adobe/Adobe finished/431002pg2.jpg,scans/1943-10-02_tom-to-mom_p02.jpg,scan
431002pg2.jpg,delete/scans/1943-10-02_tom-to-mom_p02_dup1.jpg,duplicate scan
TBF1Adobe/Adobe finished/431002pg3.jpg,scans/1943-10-02_tom-to-mom_p03.jpg,scan
431002pg3.jpg,delete/scans/1943-10-02_tom-to-mom_p03_dup1.jpg,duplicate scan
TBF1Adobe/Adobe finished/431002pg4.jpg,scans/1943-10-02_tom-to-mom_p04.jpg,scan
431002pg4.jpg,delete/scans/1943-10-02_tom-to-mom_p04_dup1.jpg,duplicate scan
TBF1Adobe/Adobe finished/431008pg1.jpg,scans/1943-10-09_tom-to-john-and-fran_p01.jpg,scan
431008pg1.jpg,delete/scans/1943-10-09_tom-to-john-and-fran_p01_dup1.jpg,duplicate scan
TBF1Adobe/Adobe finished/431008pg2.jpg,scans/1943-10-09_tom-to-john-and-fran_p02.jpg,scan
431008pg2.jpg,delete/scans/1943-10-09_tom-to-john-and-fran_p02_dup1.jpg,duplicate scan
TBF1Adobe/Adobe finished/431008pg3.jpg,scans/1943-10-09_tom-to-john-and-fran_p03.jpg,scan
431008pg3.jpg,delete/scans/1943-10-09_tom-to-john-and-fran_p03_dup1.jpg,duplicate scan
TBF1Adobe/Adobe finished/431108.jpg,scans/1943-11-08_tom-to-mum_p01.jpg,scan
431108.jpg,delete/scans/1943-11-08_tom-to-mum_p01_dup1.jpg,duplicate scan
TBF1Adobe/Adobe finished/431127pg1.jpg,scans/1943-11-27_tom-to-mum_p01.jpg,scan
431127pg1.jpg,delete/scans/1943-11-27_tom-to-mum_p01_dup1.jpg,duplicate scan
TBF1Adobe/Adobe finished/431127pg2.jpg,scans/1943-11-27_tom-to-mum_p02.jpg,scan
431127pg2.jpg,delete/scans/1943-11-27_tom-to-mum_p02_dup1.jpg,duplicate scan
TBF1Adobe/Adobe finished/431206pg1.jpg,scans/1943-12-06_tom-to-mum_p01.jpg,scan
431206pg1.jpg,delete/scans/1943-12-06_tom-to-mum_p01_dup1.jpg,duplicate scan
TBF1Adobe/Adobe finished/431206pg2.jpg,scans/1943-12-06_tom-to-mum_p02.jpg,scan
431206pg2.jpg,delete/scans/1943-12-06_tom-to-mum_p02_dup1.jpg,duplicate scan
TBF1Adobe/Adobe finished/431206pg3.jpg,scans/1943-12-06_tom-to-mum_p03.jpg,scan
431206pg3.jpg,delete/scans/1943-12-06_tom-to-mum_p03_dup1.jpg,duplicate scan
TBF1Adobe/Adobe finished/431206pg4.jpg,scans/1943-12-06_tom-to-mum_p04.jpg,scan
431206pg4.jpg,delete/scans/1943-12-06_tom-to-mum_p04_dup1.jpg,duplicate scan
TBF1Adobe/Adobe finished/431206pg5.jpg,scans/1943-12-06_tom-to-mum_p05.jpg,scan
431206pg5.jpg,delete/scans/1943-12-06_tom-to-mum_p05_dup1.jpg,duplicate scan
TBF1Adobe/Adobe finished/431217pg1.jpg,scans/1943-12-17_tom-to-mother_p01.jpg,scan
431217pg1.jpg,delete/scans/1943-12-17_tom-to-mother_p01_dup1.jpg,duplicate scan
431217pg2.jpg,scans/1943-12-17_tom-to-mother_p02.jpg,scan
TBF1Adobe/Adobe finished/431217pg3.jpg,delete/scans/1943-12-17_tom-to-mother_p02_dup1.jpg,duplicate scan
431217pg3.jpg,delete/scans/1943-12-17_tom-to-mother_p02_dup2.jpg,duplicate scan
TBF1Adobe/Adobe finished/431217brecht.jpg,scans/1943-12-17_tom-to-mrs-brecht_p01.jpg,scan
431217brecht.jpg,delete/scans/1943-12-17_tom-to-mrs-brecht_p01_dup1.jpg,duplicate scan
TBF1Adobe/Adobe finished/431225pelky1.jpg,scans/1943-12-25_tom-to-olive-and-bob-pelkey_p01.jpg,scan
431225Pelky1.jpg,delete/scans/1943-12-25_tom-to-olive-and-bob-pelkey_p01_dup1.jpg,duplicate scan
TBF1Adobe/Adobe finished/431225pelky2.jpg,scans/1943-12-25_tom-to-olive-and-bob-pelkey_p02.jpg,scan
431225pelky2.jpg,delete/scans/1943-12-25_tom-to-olive-and-bob-pelkey_p02_dup1.jpg,duplicate scan
TBF1Adobe/Adobe finished/440104pg1.jpg,scans/1944-01-04_tom-to-mother_p01.jpg,scan
440104pg1.jpg,delete/scans/1944-01-04_tom-to-mother_p01_dup1.jpg,duplicate scan
TBF1Adobe/Adobe finished/440104pg2.jpg,scans/1944-01-04_tom-to-mother_p02.jpg,scan
440104pg2.jpg,delete/scans/1944-01-04_tom-to-mother_p02_dup1.jpg,duplicate scan
TBF1Adobe/Adobe finished/440104pg3.jpg,scans/1944-01-04_tom-to-mother_p03.jpg,scan
440104pg3.jpg,delete/scans/1944-01-04_tom-to-mother_p03_dup1.jpg,duplicate scan
TBF1Adobe/Adobe finished/440220pg1.jpg,scans/1944-02-20_tom-to-mum_p01.jpg,scan
440220pg1.jpg,delete/scans/1944-02-20_tom-to-mum_p01_dup1.jpg,duplicate scan
TBF1Adobe/Adobe finished/440220pg2.jpg,scans/1944-02-20_tom-to-mum_p02.jpg,scan
440220pg2.jpg,delete/scans/1944-02-20_tom-to-mum_p02_dup1.jpg,duplicate scan
TBF1Adobe/Adobe finished/440403.jpg,scans/1944-04-03_tom-to-mum_p01.jpg,scan
440403.jpg,delete/scans/1944-04-03_tom-to-mum_p01_dup1.jpg,duplicate scan
TBF1Adobe/Adobe finished/441102.jpg,scans/1944-11-02_tom-to-mother_p01.jpg,scan
441102.jpg,delete/scans/1944-11-02_tom-to-mother_p01_dup1.jpg,duplicate scan
TBF1Adobe/Adobe finished/450315pg1a.jpg,scans/1945-03-15_tom-to-mother-portland_p01.jpg,scan
450315pg1a.jpg,delete/scans/1945-03-15_tom-to-mother-portland_p01_dup1.jpg,duplicate scan
TBF1Adobe/Adobe finished/450315pg2.jpg,scans/1945-03-15_tom-to-mother-portland_p02.jpg,scan
450315pg2.jpg,delete/scans/1945-03-15_tom-to-mother-portland_p02_dup1.jpg,duplicate scan
TBF1Adobe/Adobe finished/450315pg3.jpg,scans/1945-03-15_tom-to-mother-portland_p03.jpg,scan
450315pg3.jpg,delete/scans/1945-03-15_tom-to-mother-portland_p03_dup1.jpg,duplicate scan
TBF1Adobe/Adobe finished/450403.jpg,scans/1945-04-04_tom-to-mom_p01.jpg,scan
TBF1Adobe/Adobe finished/440404.jpg,delete/scans/1945-04-04_tom-to-mom_p01_dup1.jpg,duplicate scan
440404.jpg,delete/scans/1945-04-04_tom-to-mom_p01_dup2.jpg,duplicate scan
TBF1Adobe/Adobe finished/450430.jpg,scans/1945-04-30_tom-to-mother-hospital_p01.jpg,scan
450430.jpg,delete/scans/1945-04-30_tom-to-mother-hospital_p01_dup1.jpg,duplicate scan
TBF1Adobe/Adobe finished/450508pg1.jpg,scans/1945-05-08_tom-to-mum-ve-day_p01.jpg,scan
450508VEDAYpg1.jpg,delete/scans/1945-05-08_tom-to-mum-ve-day_p01_dup1.jpg,duplicate scan
TBF1Adobe/Adobe finished/450509[g2.jpg,scans/1945-05-08_tom-to-mum-ve-day_p02.jpg,scan
450508VEDAYpg2.jpg,delete/scans/1945-05-08_tom-to-mum-ve-day_p02_dup1.jpg,duplicate scan
TBF1Adobe/Adobe finished/450523pg1.jpg,scans/1945-05-23_tom-to-mom-hospital_p01.jpg,scan
450523pg1.jpg,delete/scans/1945-05-23_tom-to-mom-hospital_p01_dup1.jpg,duplicate scan
TBF1Adobe/Adobe finished/450523pg2.jpg,scans/1945-05-23_tom-to-mom-hospital_p02.jpg,scan
450523pg2.jpg,delete/scans/1945-05-23_tom-to-mom-hospital_p02_dup1.jpg,duplicate scan
TBF1Adobe/Adobe finished/450530.jpg,scans/1945-winter_tom-to-mother-typed-portland_p01.jpg,scan
TBF1Adobe/Adobe finished/45 05AB.jpg,delete/scans/1945-winter_tom-to-mother-typed-portland_p01_dup1.jpg,duplicate scan
Portland.jpg,delete/scans/1945-winter_tom-to-mother-typed-portland_p01_dup2.jpg,duplicate scan
Z Bill Jameson Pg 1.jpg,scans/undated_bill-jameson-to-mrs-beck_p01.jpg,scan
Z Bill Jameson Pg 2.jpg,scans/undated_bill-jameson-to-mrs-beck_p02.jpg,scan
TBF1Adobe/Adobe finished/from Dad pg1.jpg,scans/undated_dad-to-tommy-wednesday_p01.jpg,scan
from Dad pg1.jpg,delete/scans/undated_dad-to-tommy-wednesday_p01_dup1.jpg,duplicate scan
TBF1Adobe/Adobe finished/from dad pg2.jpg,scans/undated_dad-to-tommy-wednesday_p02.jpg,scan
TBF1Adobe/Adobe finished/from dad undasted.jpg,scans/undated_daddy-to-tommy-hotel-st-george_p01.jpg,scan
from dad undasted.jpg,delete/scans/undated_daddy-to-tommy-hotel-st-george_p01_dup1.jpg,duplicate scan
from dad undated2.jpg,scans/undated_daddy-to-tommy-hotel-st-george_p02.jpg,scan
TBF1Adobe/Adobe finished/ZGeoAlleghPg1.jpg,scans/undated_george-to-mother-allegheny_p01.jpg,scan
ZGeoAlleghenypg1.jpg,delete/scans/undated_george-to-mother-allegheny_p01_dup1.jpg,duplicate scan
TBF1Adobe/Adobe finished/ZGeoAlleghPg2.jpg,scans/undated_george-to-mother-allegheny_p02.jpg,scan
ZGeoAlleghenypg2.jpg,delete/scans/undated_george-to-mother-allegheny_p02_dup1.jpg,duplicate scan
Z Janny PCW PG 1.jpg,scans/undated_janny-to-mother-pcw_p01.jpg,scan
Z Janny PCW PG 2.jpg,scans/undated_janny-to-mother-pcw_p02.jpg,scan
Z Janny PCW PG 3.jpg,scans/undated_janny-to-mother-pcw_p03.jpg,scan
Z Janny PCW PG 4.jpg,delete/scans/undated_janny-to-mother-pcw_p03_dup1.jpg,duplicate scan
TBF1Adobe/Adobe finished/4505mothpg1.jpg,scans/undated_mother-to-folks-moore-heights_p01.jpg,scan
TBF1Adobe/Adobe finished/4505mothpg2.jpg,scans/undated_mother-to-folks-moore-heights_p02.jpg,scan
transcriptions/1942-07-02_Tom_to_Mother.txt,transcriptions/1942-07-02_tom-to-mother.txt,transcription
transcriptions/1942-07-06_Tom_to_Mother.txt,transcriptions/1942-07-06_tom-to-mother.txt,transcription
transcriptions/1942-07-08_Tom_to_Mother.txt,transcriptions/1942-07-08_tom-to-mother.txt,transcription
transcriptions/1942-07-11_Tom_to_Mother.txt,transcriptions/1942-07-11_tom-to-mother.txt,transcription
transcriptions/1942-07-14_Tom_to_Mother.txt,transcriptions/1942-07-14_tom-to-mother.txt,transcription
transcriptions/1942-07-15_Tom_to_Adam_Moser.txt,transcriptions/1942-07-15_tom-to-adam-moser.txt,transcription
transcriptions/1942-07-18_Tom_to_Mother.txt,transcriptions/1942-07-18_tom-to-mother.txt,transcription
transcriptions/1942-07-20_Tom_to_Mother.txt,transcriptions/1942-07-20_tom-to-mother.txt,transcription
transcriptions/1942-07-22_Tom_to_Mother.txt,transcriptions/1942-07-22_tom-to-mother.txt,transcription
transcriptions/1942-07-23_Tom_to_Mother.txt,transcriptions/1942-07-23_tom-to-mother.txt,transcription
transcriptions/1942-07-27_Tom_to_Mother.txt,transcriptions/1942-07-27_tom-to-mother.txt,transcription
transcriptions/1942-07-29_Tom_to_Mother.txt,transcriptions/1942-07-29_tom-to-mother.txt,transcription
transcriptions/1942-08-05_Tom_to_Mother.txt,transcriptions/1942-08-05_tom-to-mother.txt,transcription
transcriptions/1942-08-08_Tom_to_Mother.txt,transcriptions/1942-08-08_tom-to-mother.txt,transcription
transcriptions/1942-08-10_Tom_to_Mother.txt,transcriptions/1942-08-10_tom-to-mother.txt,transcription
transcriptions/1942-08-18_Tom_to_Mother.txt,transcriptions/1942-08-18_tom-to-mother.txt,transcription
transcriptions/1942-08-22_Tom_to_Mother_postcard.txt,transcriptions/1942-08-22_tom-to-mother-postcard.txt,transcription
transcriptions/1942-08-24_Tom_to_Mother.txt,transcriptions/1942-08-24_tom-to-mother.txt,transcription
transcriptions/1942-08-27_Tom_to_Mother.txt,transcriptions/1942-08-27_tom-to-mother.txt,transcription
transcriptions/1942-09-01_Tom_to_Mother.txt,transcriptions/1942-09-01_tom-to-mother.txt,transcription
transcriptions/1942-09-09_Tom_to_Mother.txt,transcriptions/1942-09-09_tom-to-mother.txt,transcription
transcriptions/1942-09-13_Tom_to_Mother_postcard.txt,transcriptions/1942-09-13_tom-to-mother-postcard.txt,transcription
transcriptions/1942-09-17_Tom_to_Mother.txt,transcriptions/1942-09-17_tom-to-mother.txt,transcription
transcriptions/1942-09-19_Tom_to_Mother.txt,transcriptions/1942-09-19_tom-to-mother.txt,transcription
transcriptions/1942-09-26_Tom_to_Mother.txt,transcriptions/1942-09-26_tom-to-mother.txt,transcription
transcriptions/1942-09-29_Tom_to_Mother.txt,transcriptions/1942-09-29_tom-to-mother.txt,transcription
transcriptions/1942-09-30_Tom_to_Mother.txt,transcriptions/1942-09-30_tom-to-mother.txt,transcription
transcriptions/1942-10-05_Tom_to_Mother.txt,transcriptions/1942-10-05_tom-to-mother.txt,transcription
transcriptions/1942-10-09_Tom_to_Mother.txt,transcriptions/1942-10-09_tom-to-mother.txt,transcription
transcriptions/1942-10-21_Newspaper_Clipping_Commissioned_Ensign.txt,transcriptions/1942-10-21_newspaper-clipping-commissioned-ensign.txt,transcription
transcriptions/1942-11-01_Tom_to_Mother.txt,transcriptions/1942-11-01_tom-to-mother.txt,transcription
transcriptions/1942-11-04_Tom_to_Mother_Norfolk.txt,transcriptions/1942-11-04_tom-to-mother-norfolk.txt,transcription
transcriptions/1942-11-06_Tom_to_Mother_arrived_Solomons.txt,transcriptions/1942-11-06_tom-to-mother-arrived-solomons.txt,transcription
transcriptions/1942-11-09_Tom_to_Mother_Monday.txt,transcriptions/1942-11-09_tom-to-mother-monday.txt,transcription
transcriptions/1942-11-14_Envelope_Tom_to_Dad.txt,transcriptions/1942-11-14_envelope-tom-to-dad.txt,transcription
transcriptions/1942-11-16_Tom_to_Mother_and_Dad.txt,transcriptions/1942-11-16_tom-to-mother-and-dad.txt,transcription
transcriptions/1942-11-18_Tom_to_Dad.txt,transcriptions/1942-11-18_tom-to-dad.txt,transcription
transcriptions/1942-11-20_Tom_to_Dad.txt,transcriptions/1942-11-20_tom-to-dad.txt,transcription
transcriptions/1942-11-22_Tom_to_Dad_Sunday.txt,transcriptions/1942-11-22_tom-to-dad-sunday.txt,transcription
transcriptions/1942-11-22_Tom_to_Sis_Betty_UndatedD.txt,transcriptions/1942-11-22_tom-to-sis-betty-undatedd.txt,transcription
transcriptions/1942-11-24_Tom_to_Dad.txt,transcriptions/1942-11-24_tom-to-dad.txt,transcription
transcriptions/1942-11-26_Tom_to_Dad_Thanksgiving.txt,transcriptions/1942-11-26_tom-to-dad-thanksgiving.txt,transcription
transcriptions/1942-11-28_Tom_to_Dad_and_Mother.txt,transcriptions/1942-11-28_tom-to-dad-and-mother.txt,transcription
transcriptions/1942-11-xx_Tom_to_Mother_Wednesday.txt,transcriptions/1942-11-xx_tom-to-mother-wednesday.txt,transcription
transcriptions/1942-12-03_Tom_to_Mother_and_Dad.txt,transcriptions/1942-12-03_tom-to-mother-and-dad.txt,transcription
transcriptions/1942-12-05_Tom_to_Mother_and_Dad.txt,transcriptions/1942-12-05_tom-to-mother-and-dad.txt,transcription
transcriptions/1942-12-08_Tom_to_Mother_and_Dad.txt,transcriptions/1942-12-08_tom-to-mother-and-dad.txt,transcription
transcriptions/1942-12-10_Tom_to_Folks.txt,transcriptions/1942-12-10_tom-to-folks.txt,transcription
transcriptions/1942-12-14_Tom_to_Mother_and_Dad.txt,transcriptions/1942-12-14_tom-to-mother-and-dad.txt,transcription
transcriptions/1942-12-28_Tom_to_Mother.txt,transcriptions/1942-12-28_tom-to-mother.txt,transcription
transcriptions/1942-12-29_Tom_to_Mother.txt,transcriptions/1942-12-29_tom-to-mother.txt,transcription
transcriptions/1943-01-02_Tom_to_Mother.txt,transcriptions/1943-01-02_tom-to-mother.txt,transcription
transcriptions/1943-01-05_Tom_to_Mother_Houston.txt,transcriptions/1943-01-05_tom-to-mother-houston.txt,transcription
transcriptions/1943-01-08_Tom_to_Mother.txt,transcriptions/1943-01-08_tom-to-mother.txt,transcription
transcriptions/1943-01-11_Tom_to_Mother.txt,transcriptions/1943-01-11_tom-to-mother.txt,transcription
transcriptions/1943-01-15_Tom_to_Mother.txt,transcriptions/1943-01-15_tom-to-mother.txt,transcription
transcriptions/1943-01-18_Tom_to_Mother.txt,transcriptions/1943-01-18_tom-to-mother.txt,transcription
transcriptions/1943-01-24_Tom_to_Mother.txt,transcriptions/1943-01-24_tom-to-mother.txt,transcription
transcriptions/1943-01-26_Tom_to_Mother.txt,transcriptions/1943-01-26_tom-to-mother.txt,transcription
transcriptions/1943-01-28_Tom_to_Mother.txt,transcriptions/1943-01-28_tom-to-mother.txt,transcription
transcriptions/1943-01-31_Tom_to_Mother.txt,transcriptions/1943-01-31_tom-to-mother.txt,transcription
transcriptions/1943-02-03_Tom_to_Mother.txt,transcriptions/1943-02-03_tom-to-mother.txt,transcription
transcriptions/1943-02-11_Tom_to_Mother.txt,transcriptions/1943-02-11_tom-to-mother.txt,transcription
transcriptions/1943-02-13_Tom_to_Mother.txt,transcriptions/1943-02-13_tom-to-mother.txt,transcription
transcriptions/1943-02-18_Tom_to_Mother_typed.txt,transcriptions/1943-02-18_tom-to-mother-typed.txt,transcription
transcriptions/1943-02-20_Tom_to_Mother.txt,transcriptions/1943-02-20_tom-to-mother.txt,transcription
transcriptions/1943-02-22_Tom_to_Mother.txt,transcriptions/1943-02-22_tom-to-mother.txt,transcription
transcriptions/1943-02-23_Tom_to_Mother.txt,transcriptions/1943-02-23_tom-to-mother.txt,transcription
transcriptions/1943-03-12_Tom_to_Mother.txt,transcriptions/1943-03-12_tom-to-mother.txt,transcription
transcriptions/1943-04-01_Tom_to_Mother_typed.txt,transcriptions/1943-04-01_tom-to-mother-typed.txt,transcription
transcriptions/1943-04-07_Tom_to_Unc.txt,transcriptions/1943-04-07_tom-to-unc.txt,transcription
transcriptions/1943-04-12_Cablegram_Tom_to_Mother.txt,transcriptions/1943-04-12_cablegram-tom-to-mother.txt,transcription
transcriptions/1943-04-13_Tom_to_Mother_Vmail.txt,transcriptions/1943-04-13_tom-to-mother-vmail.txt,transcription
transcriptions/1943-04-15_Tom_to_Mother.txt,transcriptions/1943-04-15_tom-to-mother.txt,transcription
transcriptions/1943-04-21_Tom_to_Mother.txt,transcriptions/1943-04-21_tom-to-mother.txt,transcription
transcriptions/1943-04-25_Tom_to_Mother_and_All.txt,transcriptions/1943-04-25_tom-to-mother-and-all.txt,transcription
transcriptions/1943-04-30_Tom_to_Mother_Vmail.txt,transcriptions/1943-04-30_tom-to-mother-vmail.txt,transcription
transcriptions/1943-05-03_Tom_to_Mother.txt,transcriptions/1943-05-03_tom-to-mother.txt,transcription
transcriptions/1943-05-09_Tom_to_Mother_MothersDay.txt,transcriptions/1943-05-09_tom-to-mother-mothersday.txt,transcription
transcriptions/1943-05-11_Tom_to_Mother.txt,transcriptions/1943-05-11_tom-to-mother.txt,transcription
transcriptions/1943-05-16_Tom_to_Mother.txt,transcriptions/1943-05-16_tom-to-mother.txt,transcription
transcriptions/1943-05-17_Tom_to_Mother.txt,transcriptions/1943-05-17_tom-to-mother.txt,transcription
transcriptions/1943-05-24_Tom_to_Mother.txt,transcriptions/1943-05-24_tom-to-mother.txt,transcription
transcriptions/1943-06-11_Tom_to_Mother.txt,transcriptions/1943-06-11_tom-to-mother.txt,transcription
transcriptions/1943-08-01_Tom_to_Mother.txt,transcriptions/1943-08-01_tom-to-mother.txt,transcription
transcriptions/1943-08-19_Tom_to_Mother.txt,transcriptions/1943-08-19_tom-to-mother.txt,transcription
transcriptions/1943-08-24_Tom_to_Mom.txt,transcriptions/1943-08-24_tom-to-mom.txt,transcription
transcriptions/1943-08-31_Tom_to_Mother.txt,transcriptions/1943-08-31_tom-to-mother.txt,transcription
transcriptions/1943-09-05_Tom_to_Mom.txt,transcriptions/1943-09-05_tom-to-mom.txt,transcription
transcriptions/1943-09-09_Tom_to_Mom.txt,transcriptions/1943-09-09_tom-to-mom.txt,transcription
transcriptions/1943-09-15_Tom_to_Mother_Sweetheart.txt,transcriptions/1943-09-15_tom-to-mother-sweetheart.txt,transcription
transcriptions/1943-09-23_Tom_to_Mother.txt,transcriptions/1943-09-23_tom-to-mother.txt,transcription
transcriptions/1943-10-02_Tom_to_Mom.txt,transcriptions/1943-10-02_tom-to-mom.txt,transcription
transcriptions/1943-10-09_Tom_to_John_and_Fran.txt,transcriptions/1943-10-09_tom-to-john-and-fran.txt,transcription
transcriptions/1943-11-08_Tom_to_Mum.txt,transcriptions/1943-11-08_tom-to-mum.txt,transcription
transcriptions/1943-11-27_Tom_to_Mum.txt,transcriptions/1943-11-27_tom-to-mum.txt,transcription
transcriptions/1943-12-06_Tom_to_Mum.txt,transcriptions/1943-12-06_tom-to-mum.txt,transcription
transcriptions/1943-12-17_Tom_to_Mother.txt,transcriptions/1943-12-17_tom-to-mother.txt,transcription
transcriptions/1943-12-17_Tom_to_Mrs_Brecht.txt,transcriptions/1943-12-17_tom-to-mrs-brecht.txt,transcription
transcriptions/1943-12-25_Tom_to_Olive_and_Bob_Pelkey.txt,transcriptions/1943-12-25_tom-to-olive-and-bob-pelkey.txt,transcription
transcriptions/1944-01-04_Tom_to_Mother.txt,transcriptions/1944-01-04_tom-to-mother.txt,transcription
transcriptions/1944-02-20_Tom_to_Mum.txt,transcriptions/1944-02-20_tom-to-mum.txt,transcription
transcriptions/1944-04-03_Tom_to_Mum.txt,transcriptions/1944-04-03_tom-to-mum.txt,transcription
transcriptions/1944-11-02_Tom_to_Mother.txt,transcriptions/1944-11-02_tom-to-mother.txt,transcription
transcriptions/1945-03-15_Tom_to_Mother_Portland.txt,transcriptions/1945-03-15_tom-to-mother-portland.txt,transcription
transcriptions/1945-04-04_Tom_to_Mom.txt,transcriptions/1945-04-04_tom-to-mom.txt,transcription
transcriptions/1945-04-30_Tom_to_Mother_hospital.txt,transcriptions/1945-04-30_tom-to-mother-hospital.txt,transcription
transcriptions/1945-05-08_Tom_to_Mum_VE_Day.txt,transcriptions/1945-05-08_tom-to-mum-ve-day.txt,transcription
transcriptions/1945-05-23_Tom_to_Mom_hospital.txt,transcriptions/1945-05-23_tom-to-mom-hospital.txt,transcription
transcriptions/1945-winter_Tom_to_Mother_typed_Portland.txt,transcriptions/1945-winter_tom-to-mother-typed-portland.txt,transcription
transcriptions/Undated_Bill_Jameson_to_Mrs_Beck.txt,transcriptions/undated_bill-jameson-to-mrs-beck.txt,transcription
transcriptions/Undated_Dad_to_Tommy_Wednesday.txt,transcriptions/undated_dad-to-tommy-wednesday.txt,transcription
transcriptions/Undated_Daddy_to_Tommy_Hotel_St_George.txt,transcriptions/undated_daddy-to-tommy-hotel-st-george.txt,transcription
transcriptions/Undated_George_to_Mother_Allegheny.txt,transcriptions/undated_george-to-mother-allegheny.txt,transcription
transcriptions/Undated_Janny_to_Mother_PCW.txt,transcriptions/undated_janny-to-mother-pcw.txt,transcription
transcriptions/Undated_Mother_to_Folks_Moore_Heights.txt,transcriptions/undated_mother-to-folks-moore-heights.txt,transcription
transcriptions/annotations,annotations,annotations folder
transcriptions/annotations/letters/1942-07-02_Tom_to_Mother.json,annotations/letters/1942-07-02_tom-to-mother.json,annotations
transcriptions/annotations/letters/1942-07-06_Tom_to_Mother.json,annotations/letters/1942-07-06_tom-to-mother.json,annotations
transcriptions/annotations/letters/1942-07-08_Tom_to_Mother.json,annotations/letters/1942-07-08_tom-to-mother.json,annotations
transcriptions/annotations/letters/1942-07-11_Tom_to_Mother.json,annotations/letters/1942-07-11_tom-to-mother.json,annotations
transcriptions/annotations/letters/1942-07-14_Tom_to_Mother.json,annotations/letters/1942-07-14_tom-to-mother.json,annotations
transcriptions/annotations/letters/1942-07-15_Tom_to_Adam_Moser.json,annotations/letters/1942-07-15_tom-to-adam-moser.json,annotations
transcriptions/annotations/letters/1942-07-18_Tom_to_Mother.json,annotations/letters/1942-07-18_tom-to-mother.json,annotations
transcriptions/annotations/letters/1942-07-20_Tom_to_Mother.json,annotations/letters/1942-07-20_tom-to-mother.json,annotations
transcriptions/annotations/letters/1942-07-22_Tom_to_Mother.json,annotations/letters/1942-07-22_tom-to-mother.json,annotations
transcriptions/annotations/letters/1942-07-23_Tom_to_Mother.json,annotations/letters/1942-07-23_tom-to-mother.json,annotations
transcriptions/annotations/letters/1942-07-27_Tom_to_Mother.json,annotations/letters/1942-07-27_tom-to-mother.json,annotations
transcriptions/annotations/letters/1942-07-29_Tom_to_Mother.json,annotations/letters/1942-07-29_tom-to-mother.json,annotations
transcriptions/annotations/letters/1942-08-05_Tom_to_Mother.json,annotations/letters/1942-08-05_tom-to-mother.json,annotations
transcriptions/annotations/letters/1942-08-08_Tom_to_Mother.json,annotations/letters/1942-08-08_tom-to-mother.json,annotations
transcriptions/annotations/letters/1942-08-10_Tom_to_Mother.json,annotations/letters/1942-08-10_tom-to-mother.json,annotations
transcriptions/annotations/letters/1942-08-18_Tom_to_Mother.json,annotations/letters/1942-08-18_tom-to-mother.json,annotations
transcriptions/annotations/letters/1942-08-22_Tom_to_Mother_postcard.json,annotations/letters/1942-08-22_tom-to-mother-postcard.json,annotations
transcriptions/annotations/letters/1942-08-24_Tom_to_Mother.json,annotations/letters/1942-08-24_tom-to-mother.json,annotations
transcriptions/annotations/letters/1942-08-27_Tom_to_Mother.json,annotations/letters/1942-08-27_tom-to-mother.json,annotations
transcriptions/annotations/letters/1942-09-01_Tom_to_Mother.json,annotations/letters/1942-09-01_tom-to-mother.json,annotations
transcriptions/annotations/letters/1942-09-09_Tom_to_Mother.json,annotations/letters/1942-09-09_tom-to-mother.json,annotations
transcriptions/annotations/letters/1942-09-13_Tom_to_Mother_postcard.json,annotations/letters/1942-09-13_tom-to-mother-postcard.json,annotations
transcriptions/annotations/letters/1942-09-17_Tom_to_Mother.json,annotations/letters/1942-09-17_tom-to-mother.json,annotations
transcriptions/annotations/letters/1942-09-19_Tom_to_Mother.json,annotations/letters/1942-09-19_tom-to-mother.json,annotations
transcriptions/annotations/letters/1942-09-26_Tom_to_Mother.json,annotations/letters/1942-09-26_tom-to-mother.json,annotations
transcriptions/annotations/letters/1942-09-29_Tom_to_Mother.json,annotations/letters/1942-09-29_tom-to-mother.json,annotations
transcriptions/annotations/letters/1942-09-30_Tom_to_Mother.json,annotations/letters/1942-09-30_tom-to-mother.json,annotations
transcriptions/annotations/letters/1942-10-05_Tom_to_Mother.json,annotations/letters/1942-10-05_tom-to-mother.json,annotations
transcriptions/annotations/letters/1942-10-09_Tom_to_Mother.json,annotations/letters/1942-10-09_tom-to-mother.json,annotations
transcriptions/annotations/letters/1942-10-21_Newspaper_Clipping_Commissioned_Ensign.json,annotations/letters/1942-10-21_newspaper-clipping-commissioned-ensign.json,annotations
transcriptions/annotations/letters/1942-11-01_Tom_to_Mother.json,annotations/letters/1942-11-01_tom-to-mother.json,annotations
transcriptions/annotations/letters/1942-11-04_Tom_to_Mother_Norfolk.json,annotations/letters/1942-11-04_tom-to-mother-norfolk.json,annotations
transcriptions/annotations/letters/1942-11-06_Tom_to_Mother_arrived_Solomons.json,annotations/letters/1942-11-06_tom-to-mother-arrived-solomons.json,annotations
transcriptions/annotations/letters/1942-11-09_Tom_to_Mother_Monday.json,annotations/letters/1942-11-09_tom-to-mother-monday.json,annotations
transcriptions/annotations/letters/1942-11-14_Envelope_Tom_to_Dad.json,annotations/letters/1942-11-14_envelope-tom-to-dad.json,annotations
transcriptions/annotations/letters/1942-11-16_Tom_to_Mother_and_Dad.json,annotations/letters/1942-11-16_tom-to-mother-and-dad.json,annotations
transcriptions/annotations/letters/1942-11-18_Tom_to_Dad.json,annotations/letters/1942-11-18_tom-to-dad.json,annotations
transcriptions/annotations/letters/1942-11-20_Tom_to_Dad.json,annotations/letters/1942-11-20_tom-to-dad.json,annotations
transcriptions/annotations/letters/1942-11-22_Tom_to_Dad_Sunday.json,annotations/letters/1942-11-22_tom-to-dad-sunday.json,annotations
transcriptions/annotations/letters/1942-11-22_Tom_to_Sis_Betty_UndatedD.json,annotations/letters/1942-11-22_tom-to-sis-betty-undatedd.json,annotations
transcriptions/annotations/letters/1942-11-24_Tom_to_Dad.json,annotations/letters/1942-11-24_tom-to-dad.json,annotations
transcriptions/annotations/letters/1942-11-26_Tom_to_Dad_Thanksgiving.json,annotations/letters/1942-11-26_tom-to-dad-thanksgiving.json,annotations
transcriptions/annotations/letters/1942-11-28_Tom_to_Dad_and_Mother.json,annotations/letters/1942-11-28_tom-to-dad-and-mother.json,annotations
transcriptions/annotations/letters/1942-11-xx_Tom_to_Mother_Wednesday.json,annotations/letters/1942-11-xx_tom-to-mother-wednesday.json,annotations
transcriptions/annotations/letters/1942-12-03_Tom_to_Mother_and_Dad.json,annotations/letters/1942-12-03_tom-to-mother-and-dad.json,annotations
transcriptions/annotations/letters/1942-12-05_Tom_to_Mother_and_Dad.json,annotations/letters/1942-12-05_tom-to-mother-and-dad.json,annotations
transcriptions/annotations/letters/1942-12-08_Tom_to_Mother_and_Dad.json,annotations/letters/1942-12-08_tom-to-mother-and-dad.json,annotations
transcriptions/annotations/letters/1942-12-10_Tom_to_Folks.json,annotations/letters/1942-12-10_tom-to-folks.json,annotations
transcriptions/annotations/letters/1942-12-14_Tom_to_Mother_and_Dad.json,annotations/letters/1942-12-14_tom-to-mother-and-dad.json,annotations
transcriptions/annotations/letters/1942-12-28_Tom_to_Mother.json,annotations/letters/1942-12-28_tom-to-mother.json,annotations
transcriptions/annotations/letters/1942-12-29_Tom_to_Mother.json,annotations/letters/1942-12-29_tom-to-mother.json,annotations
transcriptions/annotations/letters/1943-01-02_Tom_to_Mother.json,annotations/letters/1943-01-02_tom-to-mother.json,annotations
transcriptions/annotations/letters/1943-01-05_Tom_to_Mother_Houston.json,annotations/letters/1943-01-05_tom-to-mother-houston.json,annotations
transcriptions/annotations/letters/1943-01-08_Tom_to_Mother.json,annotations/letters/1943-01-08_tom-to-mother.json,annotations
transcriptions/annotations/letters/1943-01-11_Tom_to_Mother.json,annotations/letters/1943-01-11_tom-to-mother.json,annotations
transcriptions/annotations/letters/1943-01-15_Tom_to_Mother.json,annotations/letters/1943-01-15_tom-to-mother.json,annotations
transcriptions/annotations/letters/1943-01-18_Tom_to_Mother.json,annotations/letters/1943-01-18_tom-to-mother.json,annotations
transcriptions/annotations/letters/1943-01-24_Tom_to_Mother.json,annotations/letters/1943-01-24_tom-to-mother.json,annotations
transcriptions/annotations/letters/1943-01-26_Tom_to_Mother.json,annotations/letters/1943-01-26_tom-to-mother.json,annotations
transcriptions/annotations/letters/1943-01-28_Tom_to_Mother.json,annotations/letters/1943-01-28_tom-to-mother.json,annotations
transcriptions/annotations/letters/1943-01-31_Tom_to_Mother.json,annotations/letters/1943-01-31_tom-to-mother.json,annotations
transcriptions/annotations/letters/1943-02-03_Tom_to_Mother.json,annotations/letters/1943-02-03_tom-to-mother.json,annotations
transcriptions/annotations/letters/1943-02-11_Tom_to_Mother.json,annotations/letters/1943-02-11_tom-to-mother.json,annotations
transcriptions/annotations/letters/1943-02-13_Tom_to_Mother.json,annotations/letters/1943-02-13_tom-to-mother.json,annotations
transcriptions/annotations/letters/1943-02-18_Tom_to_Mother_typed.json,annotations/letters/1943-02-18_tom-to-mother-typed.json,annotations
transcriptions/annotations/letters/1943-02-20_Tom_to_Mother.json,annotations/letters/1943-02-20_tom-to-mother.json,annotations
transcriptions/annotations/letters/1943-02-22_Tom_to_Mother.json,annotations/letters/1943-02-22_tom-to-mother.json,annotations
transcriptions/annotations/letters/1943-02-23_Tom_to_Mother.json,annotations/letters/1943-02-23_tom-to-mother.json,annotations
transcriptions/annotations/letters/1943-03-12_Tom_to_Mother.json,annotations/letters/1943-03-12_tom-to-mother.json,annotations
transcriptions/annotations/letters/1943-04-01_Tom_to_Mother_typed.json,annotations/letters/1943-04-01_tom-to-mother-typed.json,annotations
transcriptions/annotations/letters/1943-04-07_Tom_to_Unc.json,annotations/letters/1943-04-07_tom-to-unc.json,annotations
transcriptions/annotations/letters/1943-04-12_Cablegram_Tom_to_Mother.json,annotations/letters/1943-04-12_cablegram-tom-to-mother.json,annotations
transcriptions/annotations/letters/1943-04-13_Tom_to_Mother_Vmail.json,annotations/letters/1943-04-13_tom-to-mother-vmail.json,annotations
transcriptions/annotations/letters/1943-04-15_Tom_to_Mother.json,annotations/letters/1943-04-15_tom-to-mother.json,annotations
transcriptions/annotations/letters/1943-04-21_Tom_to_Mother.json,annotations/letters/1943-04-21_tom-to-mother.json,annotations
transcriptions/annotations/letters/1943-04-25_Tom_to_Mother_and_All.json,annotations/letters/1943-04-25_tom-to-mother-and-all.json,annotations
transcriptions/annotations/letters/1943-04-30_Tom_to_Mother_Vmail.json,annotations/letters/1943-04-30_tom-to-mother-vmail.json,annotations
transcriptions/annotations/letters/1943-05-03_Tom_to_Mother.json,annotations/letters/1943-05-03_tom-to-mother.json,annotations
transcriptions/annotations/letters/1943-05-09_Tom_to_Mother_MothersDay.json,annotations/letters/1943-05-09_tom-to-mother-mothersday.json,annotations
transcriptions/annotations/letters/1943-05-11_Tom_to_Mother.json,annotations/letters/1943-05-11_tom-to-mother.json,annotations
transcriptions/annotations/letters/1943-05-16_Tom_to_Mother.json,annotations/letters/1943-05-16_tom-to-mother.json,annotations
transcriptions/annotations/letters/1943-05-17_Tom_to_Mother.json,annotations/letters/1943-05-17_tom-to-mother.json,annotations
transcriptions/annotations/letters/1943-05-24_Tom_to_Mother.json,annotations/letters/1943-05-24_tom-to-mother.json,annotations
transcriptions/annotations/letters/1943-06-11_Tom_to_Mother.json,annotations/letters/1943-06-11_tom-to-mother.json,annotations
transcriptions/annotations/letters/1943-08-01_Tom_to_Mother.json,annotations/letters/1943-08-01_tom-to-mother.json,annotations
transcriptions/annotations/letters/1943-08-19_Tom_to_Mother.json,annotations/letters/1943-08-19_tom-to-mother.json,annotations
transcriptions/annotations/letters/1943-08-24_Tom_to_Mom.json,annotations/letters/1943-08-24_tom-to-mom.json,annotations
transcriptions/annotations/letters/1943-08-31_Tom_to_Mother.json,annotations/letters/1943-08-31_tom-to-mother.json,annotations
transcriptions/annotations/letters/1943-09-05_Tom_to_Mom.json,annotations/letters/1943-09-05_tom-to-mom.json,annotations
transcriptions/annotations/letters/1943-09-09_Tom_to_Mom.json,annotations/letters/1943-09-09_tom-to-mom.json,annotations
transcriptions/annotations/letters/1943-09-15_Tom_to_Mother_Sweetheart.json,annotations/letters/1943-09-15_tom-to-mother-sweetheart.json,annotations
transcriptions/annotations/letters/1943-09-23_Tom_to_Mother.json,annotations/letters/1943-09-23_tom-to-mother.json,annotations
transcriptions/annotations/letters/1943-10-02_Tom_to_Mom.json,annotations/letters/1943-10-02_tom-to-mom.json,annotations
transcriptions/annotations/letters/1943-10-09_Tom_to_John_and_Fran.json,annotations/letters/1943-10-09_tom-to-john-and-fran.json,annotations
transcriptions/annotations/letters/1943-11-08_Tom_to_Mum.json,annotations/letters/1943-11-08_tom-to-mum.json,annotations
transcriptions/annotations/letters/1943-11-27_Tom_to_Mum.json,annotations/letters/1943-11-27_tom-to-mum.json,annotations
transcriptions/annotations/letters/1943-12-06_Tom_to_Mum.json,annotations/letters/1943-12-06_tom-to-mum.json,annotations
transcriptions/annotations/letters/1943-12-17_Tom_to_Mother.json,annotations/letters/1943-12-17_tom-to-mother.json,annotations
transcriptions/annotations/letters/1943-12-17_Tom_to_Mrs_Brecht.json,annotations/letters/1943-12-17_tom-to-mrs-brecht.json,annotations
transcriptions/annotations/letters/1943-12-25_Tom_to_Olive_and_Bob_Pelkey.json,annotations/letters/1943-12-25_tom-to-olive-and-bob-pelkey.json,annotations
transcriptions/annotations/letters/1944-01-04_Tom_to_Mother.json,annotations/letters/1944-01-04_tom-to-mother.json,annotations
transcriptions/annotations/letters/1944-02-20_Tom_to_Mum.json,annotations/letters/1944-02-20_tom-to-mum.json,annotations
transcriptions/annotations/letters/1944-04-03_Tom_to_Mum.json,annotations/letters/1944-04-03_tom-to-mum.json,annotations
transcriptions/annotations/letters/1944-11-02_Tom_to_Mother.json,annotations/letters/1944-11-02_tom-to-mother.json,annotations
transcriptions/annotations/letters/1945-03-15_Tom_to_Mother_Portland.json,annotations/letters/1945-03-15_tom-to-mother-portland.json,annotations
transcriptions/annotations/letters/1945-04-04_Tom_to_Mom.json,annotations/letters/1945-04-04_tom-to-mom.json,annotations
transcriptions/annotations/letters/1945-04-30_Tom_to_Mother_hospital.json,annotations/letters/1945-04-30_tom-to-mother-hospital.json,annotations
transcriptions/annotations/letters/1945-05-08_Tom_to_Mum_VE_Day.json,annotations/letters/1945-05-08_tom-to-mum-ve-day.json,annotations
transcriptions/annotations/letters/1945-05-23_Tom_to_Mom_hospital.json,annotations/letters/1945-05-23_tom-to-mom-hospital.json,annotations
transcriptions/annotations/letters/1945-winter_Tom_to_Mother_typed_Portland.json,annotations/letters/1945-winter_tom-to-mother-typed-portland.json,annotations
transcriptions/annotations/letters/Undated_Bill_Jameson_to_Mrs_Beck.json,annotations/letters/undated_bill-jameson-to-mrs-beck.json,annotations
transcriptions/annotations/letters/Undated_Dad_to_Tommy_Wednesday.json,annotations/letters/undated_dad-to-tommy-wednesday.json,annotations
transcriptions/annotations/letters/Undated_Daddy_to_Tommy_Hotel_St_George.json,annotations/letters/undated_daddy-to-tommy-hotel-st-george.json,annotations
transcriptions/annotations/letters/Undated_George_to_Mother_Allegheny.json,annotations/letters/undated_george-to-mother-allegheny.json,annotations
transcriptions/annotations/letters/Undated_Janny_to_Mother_PCW.json,annotations/letters/undated_janny-to-mother-pcw.json,annotations
transcriptions/annotations/letters/Undated_Mother_to_Folks_Moore_Heights.json,annotations/letters/undated_mother-to-folks-moore-heights.json,annotations
transcriptions/letters_index.json,data/letters.json,index
Tom Beck/1996 Tom Tom and Paul.jpg,photos/1996 Tom Tom and Paul.jpg,photo
Tom Beck/2000 Tillie Beck.jpg,photos/2000 Tillie Beck.jpg,photo
Tom Beck/Elva w boys.jpg,photos/Elva w boys.jpg,photo
Tom Beck/Jeremy Mills.jpg,photos/Jeremy Mills.jpg,photo
Tom Beck/Lance 1.jpg,photos/Lance 1.jpg,photo
Tom Beck/Lance 2.jpg,photos/Lance 2.jpg,photo
Tom Beck/Lance 3.jpg,photos/Lance 3.jpg,photo
Tom Beck/Lance 4.jpg,photos/Lance 4.jpg,photo
Tom Beck/Lance 5.jpg,photos/Lance 5.jpg,photo
Tom Beck/Lance Birthday 1.jpg,photos/Lance Birthday 1.jpg,photo
Tom Beck/Lance Birthday 2.jpg,photos/Lance Birthday 2.jpg,photo
Tom Beck/Lance Birthday 3.jpg,photos/Lance Birthday 3.jpg,photo
Tom Beck/Lance Birthday 4.jpg,photos/Lance Birthday 4.jpg,photo
Tom Beck/Lance Burtner.jpg,photos/Lance Burtner.jpg,photo
Tom Beck/Lance Santa 2.jpg,photos/Lance Santa 2.jpg,photo
Tom Beck/Lance and Santa 1.jpg,photos/Lance and Santa 1.jpg,photo
Tom Beck/Lance prom.jpg,photos/Lance prom.jpg,photo
Tom Beck/Martha Jeremy.jpg,photos/Martha Jeremy.jpg,photo
Tom Beck/Mommom front yard.jpg,photos/Mommom front yard.jpg,photo
Tom Beck/Paul Tom  at geobeck house.jpg,photos/Paul Tom  at geobeck house.jpg,photo
Tom Beck/Sep03_2.jpg,photos/Sep03_2.jpg,photo
Tom Beck/T&T.jpg,photos/T&T.jpg,photo
Tom Beck/TFBeck.jpg,photos/TFBeck.jpg,photo
Tom Beck/Tand T.jpg,photos/Tand T.jpg,photo
Tom Beck/Tillie Paul.jpg,photos/Tillie Paul.jpg,photo
Tom Beck/TnT at Nagshead.jpg,photos/TnT at Nagshead.jpg,photo
Tom Beck/Tom &Till.jpg,photos/Tom &Till.jpg,photo
Tom Beck/Tom Beck Family 1.jpg,photos/Tom Beck Family 1.jpg,photo
Tom Beck/Tom Beck Family 2.jpg,photos/Tom Beck Family 2.jpg,photo
Tom Beck/Tom Beck.jpg,photos/Tom Beck.jpg,photo
Tom Beck/Tom Becks.jpg,photos/Tom Becks.jpg,photo
Tom Beck/Tom Geo voter award.jpg,photos/Tom Geo voter award.jpg,photo
Tom Beck/Tom and Betty ca 1943.jpg,photos/Tom and Betty ca 1943.jpg,photo
Tom Beck/Tom and Till.jpg,photos/Tom and Till.jpg,photo
Tom Beck/Tom with dogs.jpg,photos/Tom with dogs.jpg,photo
Tom Beck/young Tom Beck.jpg,photos/young Tom Beck.jpg,photo
TBF0defective/transcriptions/1942-07-27_Tom_to_Mother.txt,delete/old-drafts/TBF0defective-transcriptions/1942-07-27_Tom_to_Mother.txt,superseded draft
TBF0defective/transcriptions/1943-01-08_Tom_to_Mother.txt,delete/old-drafts/TBF0defective-transcriptions/1943-01-08_Tom_to_Mother.txt,superseded draft
TBF0defective/transcriptions/1943-01-18_Tom_to_Mother.txt,delete/old-drafts/TBF0defective-transcriptions/1943-01-18_Tom_to_Mother.txt,superseded draft
TBF0defective/transcriptions/1943-01-31_Tom_to_Mother.txt,delete/old-drafts/TBF0defective-transcriptions/1943-01-31_Tom_to_Mother.txt,superseded draft
TBF0defective/transcriptions/1943-03-12_Tom_to_Mother.txt,delete/old-drafts/TBF0defective-transcriptions/1943-03-12_Tom_to_Mother.txt,superseded draft
TBF0defective/transcriptions/1943-04-21_Tom_to_Mother.txt,delete/old-drafts/TBF0defective-transcriptions/1943-04-21_Tom_to_Mother.txt,superseded draft
TBF0defective/transcriptions/1943-04-25_Tom_to_Mother_and_All.txt,delete/old-drafts/TBF0defective-transcriptions/1943-04-25_Tom_to_Mother_and_All.txt,superseded draft
TBF0defective/transcriptions/Undated_D_Tom_to_Sis.txt,delete/old-drafts/TBF0defective-transcriptions/Undated_D_Tom_to_Sis.txt,superseded draft
TBF0defective/transcriptions/letters_index.json,delete/old-drafts/TBF0defective-transcriptions/letters_index.json,superseded draft
